"region","subregion","year","model_name","xmin","par1","par2","n","LL","AICc","delta_AICc","AICc_weight","GOFp"
"AF","1","2000","Power",362,1.94065,NA,21469,-172093.978,344189.957,0,0.606,0.043
"AF","1","2000","PowerExp",362,1.94133,0,21469,-172093.983,344191.972,2.015,0.221,NA
"AF","1","2000","LogNorm",362,-1560.43431,40.84646,21469,-172094.227,344192.46,2.503,0.173,NA
"AF","1","2000","Exp",362,0.00055,NA,21469,-326769.21,653540.422,309350.465,0,NA
"AF","1","2001","Power",475,1.93861,NA,18096,-150053.438,300108.877,0,0.596,0.213
"AF","1","2001","PowerExp",475,1.93867,0,18096,-150053.44,300110.884,2.007,0.218,NA
"AF","1","2001","LogNorm",475,-889.1975,30.93085,18096,-150053.603,300111.211,2.333,0.186,NA
"AF","1","2001","Exp",475,0.00047,NA,18096,-286208.107,572418.215,272309.338,0,NA
"AF","1","2002","Power",394,1.92194,NA,18476,-150437.217,300876.436,0,0.619,0.056
"AF","1","2002","PowerExp",394,1.92515,0,18476,-150437.33,300878.664,2.228,0.203,NA
"AF","1","2002","LogNorm",394,-1511.57784,40.60243,18476,-150437.466,300878.937,2.501,0.177,NA
"AF","1","2002","Exp",394,0.00051,NA,18476,-326313.062,652628.126,351751.69,0,NA
"AF","1","2003","Power",394,1.93133,NA,17716,-143875.685,287753.371,0,0.604,0.098
"AF","1","2003","PowerExp",394,1.93161,0,17716,-143875.685,287755.376,2.005,0.222,NA
"AF","1","2003","LogNorm",394,-1685.17882,42.64389,17716,-143875.922,287755.85,2.479,0.175,NA
"AF","1","2003","Exp",394,0.00051,NA,17716,-303791.5,607585.002,319831.631,0,NA
"AF","1","2004","Power",416,1.93335,NA,17341,-141694.597,283391.196,0,0.605,0.13
"AF","1","2004","PowerExp",416,1.93292,0,17341,-141694.599,283393.203,2.007,0.222,NA
"AF","1","2004","LogNorm",416,-1920.59417,45.46677,17341,-141694.846,283393.698,2.502,0.173,NA
"AF","1","2004","Exp",416,0.00049,NA,17341,-283838.792,567679.586,284288.39,0,NA
"AF","1","2005","Power",490,1.92148,NA,13289,-111114.568,222231.139,0,0.588,0.206
"AF","1","2005","PowerExp",490,1.92162,0,13289,-111114.568,222233.143,2.004,0.216,NA
"AF","1","2005","LogNorm",490,-947.22397,32.20558,13289,-111114.666,222233.338,2.199,0.196,NA
"AF","1","2005","Exp",490,0.00056,NA,13289,-265293.245,530588.492,308357.354,0,NA
"AF","1","2006","Power",465,1.93133,NA,16950,-140463.122,280928.246,0,0.739,0.237
"AF","1","2006","LogNorm",465,-1296.54172,37.43889,16950,-140463.299,280930.603,2.358,0.227,NA
"AF","1","2006","PowerExp",465,1.91676,0,16950,-140465.218,280934.441,6.195,0.033,NA
"AF","1","2006","Exp",465,0.00052,NA,16950,-304626.438,609254.879,328326.633,0,NA
"AF","1","2007","Power",368,1.93274,NA,19322,-155538.765,311079.533,0,0.61,0.106
"AF","1","2007","PowerExp",368,1.93307,0,19322,-155538.77,311081.546,2.013,0.223,NA
"AF","1","2007","LogNorm",368,-1793.19751,43.94273,19322,-155539.061,311082.128,2.595,0.167,NA
"AF","1","2007","Exp",368,0.0005,NA,19322,-323851.553,647705.107,336625.574,0,NA
"AF","1","2008","Power",319,1.92055,NA,21129,-167643.527,335289.056,0,0.763,0.008
"AF","1","2008","LogNorm",319,-1412.92472,39.2979,21129,-167643.786,335291.578,2.523,0.216,NA
"AF","1","2008","PowerExp",319,1.90616,0,21129,-167646.136,335296.278,7.222,0.021,NA
"AF","1","2008","Exp",319,0.00059,NA,21129,-350383.135,700768.271,365479.216,0,NA
"AF","1","2009","Power",277,1.92997,NA,26161,-203321.07,406644.141,0,0.614,0
"AF","1","2009","PowerExp",277,1.92997,0,26161,-203321.07,406646.144,2.003,0.226,NA
"AF","1","2009","LogNorm",277,-1710.22359,42.98212,26161,-203321.412,406646.83,2.689,0.16,NA
"AF","1","2009","Exp",277,0.00051,NA,26161,-358576.793,717155.587,310511.446,0,NA
"AF","1","2010","Power",335,1.91332,NA,20843,-166738.008,333478.017,0,0.609,0.019
"AF","1","2010","PowerExp",335,1.91341,0,20843,-166738.008,333480.021,2.004,0.223,NA
"AF","1","2010","LogNorm",335,-1698.83994,43.23673,20843,-166738.293,333480.592,2.575,0.168,NA
"AF","1","2010","Exp",335,0.00059,NA,20843,-341968.189,683938.38,350460.363,0,NA
"AF","1","2011","Power",459,1.9108,NA,14928,-124207.362,248416.727,0,0.607,0.507
"AF","1","2011","PowerExp",459,1.91369,0,14928,-124207.437,248418.88,2.153,0.207,NA
"AF","1","2011","LogNorm",459,-1354.74005,38.69848,14928,-124207.544,248419.093,2.366,0.186,NA
"AF","1","2011","Exp",459,0.00052,NA,14928,-268129.073,536260.147,287843.42,0,NA
"AF","1","2012","Power",447,1.90855,NA,15015,-124611.413,249224.828,0,0.595,0.131
"AF","1","2012","PowerExp",447,1.9085,0,15015,-124611.413,249226.832,2.003,0.219,NA
"AF","1","2012","LogNorm",447,-1223.6103,36.82054,15015,-124611.572,249227.15,2.322,0.186,NA
"AF","1","2012","Exp",447,0.00053,NA,15015,-282467.323,564936.648,315711.82,0,NA
"AF","1","2013","Power",351,1.92112,NA,21933,-176090.863,352183.728,0,0.616,0.013
"AF","1","2013","PowerExp",351,1.92248,0,21933,-176090.905,352185.815,2.087,0.217,NA
"AF","1","2013","LogNorm",351,-1224.34167,36.58939,21933,-176091.165,352186.335,2.607,0.167,NA
"AF","1","2013","Exp",351,0.00058,NA,21933,-351243.495,702488.991,350305.263,0,NA
"AF","1","2014","Power",481,1.93686,NA,15441,-128291.271,256584.545,0,0.632,0.216
"AF","1","2014","LogNorm",481,-1449.11322,39.45896,15441,-128291.474,256586.954,2.409,0.189,NA
"AF","1","2014","PowerExp",481,1.94233,0,15441,-128291.533,256587.072,2.527,0.179,NA
"AF","1","2014","Exp",481,0.0005,NA,15441,-257301.77,514605.541,258020.996,0,NA
"AF","2","2000","Power",185,1.87339,NA,1369,-10268.433,20538.875,0,0.547,0.602
"AF","2","2000","LogNorm",185,-49.97043,8.10958,1369,-10268.192,20540.411,1.536,0.254,NA
"AF","2","2000","PowerExp",185,1.87559,0,1369,-10268.436,20540.899,2.024,0.199,NA
"AF","2","2000","Exp",185,0.00097,NA,1369,-19047.621,38097.252,17558.377,0,NA
"AF","2","2001","Power",338,1.96237,NA,913,-7213.158,14428.326,0,0.551,0.822
"AF","2","2001","LogNorm",338,-37.31903,6.85157,913,-7212.948,14429.923,1.598,0.248,NA
"AF","2","2001","PowerExp",338,1.96245,0,913,-7213.158,14430.344,2.018,0.201,NA
"AF","2","2001","Exp",338,0.00086,NA,913,-14430.589,28863.188,14434.862,0,NA
"AF","2","2002","Power",211,1.88245,NA,1340,-10197.574,20397.156,0,0.522,0.715
"AF","2","2002","LogNorm",211,-34.67497,6.91891,1340,-10197.161,20398.348,1.192,0.288,NA
"AF","2","2002","PowerExp",211,1.88262,0,1340,-10197.573,20399.172,2.016,0.19,NA
"AF","2","2002","Exp",211,0.00052,NA,1340,-15952.384,31906.776,11509.62,0,NA
"AF","2","2003","Power",259,1.90377,NA,1031,-8005.184,16012.377,0,0.571,0.655
"AF","2","2003","LogNorm",259,-92.5107,10.53257,1031,-8005.125,16014.278,1.901,0.221,NA
"AF","2","2003","PowerExp",259,1.9038,0,1031,-8005.184,16014.395,2.018,0.208,NA
"AF","2","2003","Exp",259,0.00088,NA,1031,-16604.241,33210.491,17198.114,0,NA
"AF","2","2004","Power",250,1.91635,NA,1090,-8393.105,16788.219,0,0.562,0.754
"AF","2","2004","LogNorm",250,-60.11175,8.60066,1090,-8392.977,16789.982,1.763,0.233,NA
"AF","2","2004","PowerExp",250,1.91603,0,1090,-8393.105,16790.238,2.019,0.205,NA
"AF","2","2004","Exp",250,0.0009,NA,1090,-16277.498,32557.006,15768.787,0,NA
"AF","2","2005","Power",295,1.92856,NA,929,-7281.524,14565.058,0,0.576,0.762
"AF","2","2005","LogNorm",295,-138.49756,12.5533,929,-7281.502,14567.031,1.973,0.215,NA
"AF","2","2005","PowerExp",295,1.9284,0,929,-7281.524,14567.077,2.019,0.21,NA
"AF","2","2005","Exp",295,0.00096,NA,929,-16049.83,32101.669,17536.611,0,NA
"AF","2","2006","LogNorm",126,-21.63807,5.72503,2064,-14678.666,29361.359,0,0.498,NA
"AF","2","2006","Power",126,1.87511,NA,2064,-14679.98,29361.97,0.61,0.367,0.14
"AF","2","2006","PowerExp",126,1.87514,0,2064,-14679.979,29363.985,2.626,0.134,NA
"AF","2","2006","Exp",126,0.0007,NA,2064,-22801.766,45605.541,16244.182,0,NA
"AF","2","2007","Power",251,1.90053,NA,1090,-8437.355,16876.719,0,0.568,0.878
"AF","2","2007","LogNorm",251,-76.69711,9.6822,1090,-8437.269,16878.564,1.846,0.226,NA
"AF","2","2007","PowerExp",251,1.90054,0,1090,-8437.355,16878.737,2.018,0.207,NA
"AF","2","2007","Exp",251,0.00086,NA,1090,-17369.961,34741.931,17865.213,0,NA
"AF","2","2008","Power",335,1.95088,NA,813,-6435.826,12873.662,0,0.556,0.607
"AF","2","2008","LogNorm",335,-39.09289,7.02788,813,-6435.649,12875.327,1.665,0.242,NA
"AF","2","2008","PowerExp",335,1.95156,0,813,-6435.826,12875.682,2.02,0.202,NA
"AF","2","2008","Exp",335,0.00058,NA,813,-11776.139,23554.287,10680.625,0,NA
"AF","2","2009","Power",327,1.95029,NA,956,-7545.958,15093.926,0,0.579,0.788
"AF","2","2009","PowerExp",327,1.94952,0,956,-7545.959,15095.945,2.019,0.211,NA
"AF","2","2009","LogNorm",327,-647.82777,26.2722,956,-7545.961,15095.949,2.023,0.21,NA
"AF","2","2009","Exp",327,0.00082,NA,956,-14564.653,29131.314,14037.388,0,NA
"AF","2","2010","Power",387,1.93448,NA,724,-5861.72,11725.45,0,0.579,0.97
"AF","2","2010","PowerExp",387,1.93472,0,724,-5861.72,11727.469,2.019,0.211,NA
"AF","2","2010","LogNorm",387,-1460.00687,39.64704,724,-5861.728,11727.484,2.034,0.21,NA
"AF","2","2010","Exp",387,0.00083,NA,724,-14220.221,28442.451,16717.001,0,NA
"AF","2","2011","LogNorm",127,-8.23531,4.09136,1888,-13300.849,26605.726,0,0.897,NA
"AF","2","2011","Power",127,1.90594,NA,1888,-13304.338,26610.685,4.958,0.075,0.085
"AF","2","2011","PowerExp",127,1.90754,0,1888,-13304.34,26612.71,6.984,0.027,NA
"AF","2","2011","Exp",127,0.0006,NA,1888,-20314.325,40630.659,14024.933,0,NA
"AF","2","2012","Power",279,1.93843,NA,1043,-8094.071,16190.15,0,0.573,0.879
"AF","2","2012","LogNorm",279,-107.93991,11.10302,1043,-8094.03,16192.089,1.939,0.218,NA
"AF","2","2012","PowerExp",279,1.93841,0,1043,-8094.071,16192.169,2.019,0.209,NA
"AF","2","2012","Exp",279,0.00051,NA,1043,-12844.158,25690.326,9500.176,0,NA
"AF","2","2013","Power",279,1.98561,NA,986,-7553.07,15108.149,0,0.584,0.683
"AF","2","2013","LogNorm",279,-1465.73335,38.66352,986,-7553.081,15110.192,2.043,0.21,NA
"AF","2","2013","PowerExp",279,1.97729,0,986,-7553.105,15110.24,2.091,0.205,NA
"AF","2","2013","Exp",279,0.00078,NA,986,-14536.226,29074.462,13966.312,0,NA
"AF","2","2014","Power",458,1.97217,NA,552,-4517.411,9036.833,0,0.58,0.961
"AF","2","2014","PowerExp",458,1.97203,0,552,-4517.411,9038.854,2.021,0.211,NA
"AF","2","2014","LogNorm",458,-3049.049,56.08785,552,-4517.422,9038.874,2.041,0.209,NA
"AF","2","2014","Exp",458,0.00089,NA,552,-11597.504,23197.019,14160.186,0,NA
"EUAS","1","2000","LogNorm",472,-61.27605,8.6386,29213,-242477.711,484959.425,0,0.861,NA
"EUAS","1","2000","Power",472,1.93196,NA,29213,-242480.847,484963.696,4.271,0.102,0
"EUAS","1","2000","PowerExp",472,1.93187,0,29213,-242480.851,484965.705,6.28,0.037,NA
"EUAS","1","2000","Exp",472,0.00073,NA,29213,-615128.885,1230259.771,745300.345,0,NA
"EUAS","1","2001","LogNorm",315,-25.26164,6.03871,39935,-317379.411,634762.825,0,1,NA
"EUAS","1","2001","Power",315,1.9091,NA,39935,-317397.641,634797.282,34.457,0,0
"EUAS","1","2001","PowerExp",315,1.92296,0,39935,-317402.238,634808.48,45.655,0,NA
"EUAS","1","2001","Exp",315,0.00083,NA,39935,-733431.471,1466864.944,832102.119,0,NA
"EUAS","1","2002","LogNorm",558,-82.12712,9.82799,24758,-209335.935,418675.875,0,0.564,NA
"EUAS","1","2002","Power",558,1.9376,NA,24758,-209337.508,418677.017,1.143,0.319,0
"EUAS","1","2002","PowerExp",558,1.93773,0,24758,-209337.508,418679.02,3.146,0.117,NA
"EUAS","1","2002","Exp",558,0.00078,NA,24758,-602311.358,1204624.717,785948.842,0,NA
"EUAS","1","2003","LogNorm",590,-52.18299,8.01121,24377,-207079.894,414163.791,0,0.881,NA
"EUAS","1","2003","Power",590,1.94494,NA,24377,-207083.211,414168.423,4.632,0.087,0
"EUAS","1","2003","PowerExp",590,1.94482,0,24377,-207083.211,414170.426,6.635,0.032,NA
"EUAS","1","2003","Exp",590,0.00088,NA,24377,-648129.525,1296261.05,882097.259,0,NA
"EUAS","1","2004","LogNorm",440,-35.6274,6.92766,32475,-268601.941,537207.886,0,0.999,NA
"EUAS","1","2004","Power",440,1.91378,NA,32475,-268610.664,537223.329,15.443,0,0
"EUAS","1","2004","PowerExp",440,1.91357,0,32475,-268610.664,537225.332,17.445,0,NA
"EUAS","1","2004","Exp",440,0.00044,NA,32475,-498684.311,997370.623,460162.737,0,NA
"EUAS","1","2005","LogNorm",499,-40.43871,7.25758,27595,-230954.276,461912.557,0,0.99,NA
"EUAS","1","2005","Power",499,1.92589,NA,27595,-230960.211,461922.423,9.866,0.007,0
"EUAS","1","2005","PowerExp",499,1.9262,0,27595,-230960.212,461924.428,11.871,0.003,NA
"EUAS","1","2005","Exp",499,0.00078,NA,27595,-631594.463,1263190.927,801278.371,0,NA
"EUAS","1","2006","LogNorm",413,-32.93375,6.71637,31040,-254955.725,509915.454,0,1,NA
"EUAS","1","2006","Power",413,1.91112,NA,31040,-254965.195,509932.391,16.938,0,0
"EUAS","1","2006","PowerExp",413,1.91089,0,31040,-254965.196,509934.395,18.941,0,NA
"EUAS","1","2006","Exp",413,0.00072,NA,31040,-644932.689,1289867.379,779951.925,0,NA
"EUAS","1","2007","LogNorm",407,-48.83036,7.85832,32194,-263126.775,526257.555,0,0.98,NA
"EUAS","1","2007","Power",407,1.92257,NA,32194,-263131.965,526265.931,8.376,0.015,0
"EUAS","1","2007","PowerExp",407,1.92207,0,32194,-263131.97,526267.943,10.388,0.005,NA
"EUAS","1","2007","Exp",407,0.00075,NA,32194,-715768.146,1431538.294,905280.739,0,NA
"EUAS","1","2008","LogNorm",429,-40.58192,7.241,29859,-245127.557,490259.119,0,0.994,NA
"EUAS","1","2008","Power",429,1.92981,NA,29859,-245133.926,490269.853,10.734,0.005,0
"EUAS","1","2008","PowerExp",429,1.92979,0,29859,-245133.926,490271.856,12.737,0.002,NA
"EUAS","1","2008","Exp",429,0.00075,NA,29859,-651425.556,1302853.114,812593.995,0,NA
"EUAS","1","2009","LogNorm",413,-62.04503,8.70099,30917,-252822.045,505648.094,0,0.88,NA
"EUAS","1","2009","Power",413,1.9272,NA,30917,-252825.353,505652.707,4.613,0.088,0
"EUAS","1","2009","PowerExp",413,1.92704,0,30917,-252825.353,505654.711,6.617,0.032,NA
"EUAS","1","2009","Exp",413,0.00072,NA,30917,-647815.793,1295633.587,789985.493,0,NA
"EUAS","1","2010","LogNorm",429,-54.34875,8.24022,31670,-260613.884,521231.771,0,0.952,NA
"EUAS","1","2010","Power",429,1.92115,NA,31670,-260618.151,521238.303,6.532,0.036,0
"EUAS","1","2010","PowerExp",429,1.92344,0,31670,-260618.248,521240.5,8.729,0.012,NA
"EUAS","1","2010","Exp",429,0.00074,NA,31670,-691899.95,1383801.901,862570.129,0,NA
"EUAS","1","2011","Power",590,1.94949,NA,21909,-185901.116,371804.234,0,0.48,0
"EUAS","1","2011","LogNorm",590,-120.81525,11.66904,21909,-185900.446,371804.896,0.662,0.344,NA
"EUAS","1","2011","PowerExp",590,1.9496,0,21909,-185901.116,371806.237,2.003,0.176,NA
"EUAS","1","2011","Exp",590,0.00038,NA,21909,-394225.544,788453.089,416648.855,0,NA
"EUAS","1","2012","LogNorm",574,-53.44421,8.12279,22596,-191667.831,383339.666,0,0.846,NA
"EUAS","1","2012","Power",574,1.9381,NA,22596,-191670.826,383343.654,3.987,0.115,0.002
"EUAS","1","2012","PowerExp",574,1.94048,0,22596,-191670.899,383345.802,6.136,0.039,NA
"EUAS","1","2012","Exp",574,0.0005,NA,22596,-459195.432,918392.865,535053.199,0,NA
"EUAS","1","2013","LogNorm",423,-38.26964,7.04653,28492,-233191.378,466386.76,0,0.996,NA
"EUAS","1","2013","Power",423,1.93474,NA,28492,-233197.94,466397.882,11.122,0.004,0
"EUAS","1","2013","PowerExp",423,1.92335,0,28492,-233200.071,466404.145,17.386,0,NA
"EUAS","1","2013","Exp",423,0.00078,NA,28492,-663335.818,1326673.638,860286.878,0,NA
"EUAS","1","2014","LogNorm",558,-48.70437,7.76577,22112,-186509.842,373023.689,0,0.887,NA
"EUAS","1","2014","Power",558,1.94693,NA,22112,-186513.216,373028.434,4.746,0.083,0.002
"EUAS","1","2014","PowerExp",558,1.94703,0,22112,-186513.217,373030.437,6.749,0.03,NA
"EUAS","1","2014","Exp",558,0.00074,NA,22112,-593710.407,1187422.815,814399.126,0,NA
"EUAS","2","2000","Power",215,1.79763,NA,277,-2174.576,4351.171,0,0.581,0.891
"EUAS","2","2000","PowerExp",215,1.79744,0,277,-2174.576,4353.21,2.04,0.21,NA
"EUAS","2","2000","LogNorm",215,-2987.89809,61.29332,277,-2174.58,4353.219,2.048,0.209,NA
"EUAS","2","2000","Exp",215,0.0004,NA,277,-8870.346,17742.712,13391.541,0,NA
"EUAS","2","2001","Power",105,1.87352,NA,536,-3716.618,7435.257,0,0.582,0.712
"EUAS","2","2001","PowerExp",105,1.87305,0,536,-3716.619,7437.298,2.041,0.21,NA
"EUAS","2","2001","LogNorm",105,-3650.21932,64.72318,536,-3716.628,7437.317,2.06,0.208,NA
"EUAS","2","2001","Exp",105,0.00035,NA,536,-10050.524,20103.068,12667.81,0,NA
"EUAS","2","2002","Power",79,1.89961,NA,728,-4795.208,9592.437,0,0.583,0.157
"EUAS","2","2002","PowerExp",79,1.90159,0,728,-4795.21,9594.482,2.044,0.21,NA
"EUAS","2","2002","LogNorm",79,-5584.64688,78.83178,728,-4795.22,9594.502,2.065,0.208,NA
"EUAS","2","2002","Exp",79,0.00072,NA,728,-17046.537,34095.095,24502.658,0,NA
"EUAS","2","2003","Power",94,1.91571,NA,651,-4376.927,8755.874,0,0.591,0.116
"EUAS","2","2003","LogNorm",94,-4029.14712,66.40243,651,-4376.938,8757.937,2.063,0.211,NA
"EUAS","2","2003","PowerExp",94,1.90191,0,651,-4377.002,8758.064,2.19,0.198,NA
"EUAS","2","2003","Exp",94,0.00041,NA,651,-11806.733,23615.486,14859.612,0,NA
"EUAS","2","2004","Power",160,1.84245,NA,350,-2601.769,5205.559,0,0.582,0.99
"EUAS","2","2004","PowerExp",160,1.84218,0,350,-2601.769,5207.601,2.042,0.21,NA
"EUAS","2","2004","LogNorm",160,-3439.65398,63.98014,350,-2601.776,5207.615,2.056,0.208,NA
"EUAS","2","2004","Exp",160,0.0009,NA,350,-17379.665,34761.351,29555.791,0,NA
"EUAS","2","2005","Power",116,1.83774,NA,487,-3469.549,6941.118,0,0.582,0.897
"EUAS","2","2005","PowerExp",116,1.84021,0,487,-3469.551,6943.162,2.044,0.209,NA
"EUAS","2","2005","LogNorm",116,-2298.57564,52.46882,487,-3469.557,6943.172,2.054,0.208,NA
"EUAS","2","2005","Exp",116,0.00044,NA,487,-10994.302,21990.624,15049.506,0,NA
"EUAS","2","2006","Power",104,1.89192,NA,529,-3639.492,7281.004,0,0.584,0.396
"EUAS","2","2006","LogNorm",104,-3896.15975,66.15869,529,-3639.501,7283.064,2.06,0.208,NA
"EUAS","2","2006","PowerExp",104,1.88537,0,529,-3639.506,7283.074,2.07,0.207,NA
"EUAS","2","2006","Exp",104,0.00037,NA,529,-10418.907,20839.834,13558.831,0,NA
"EUAS","2","2007","Power",249,1.79703,NA,221,-1767.77,3537.562,0,0.582,0.994
"EUAS","2","2007","PowerExp",249,1.79704,0,221,-1767.77,3539.604,2.042,0.21,NA
"EUAS","2","2007","LogNorm",249,-4020.60259,71.11634,221,-1767.774,3539.612,2.051,0.209,NA
"EUAS","2","2007","Exp",249,0.00048,NA,221,-9788.712,19579.444,16041.883,0,NA
"EUAS","2","2008","Power",68,1.88082,NA,664,-4303.857,8609.737,0,0.583,0.171
"EUAS","2","2008","PowerExp",68,1.88076,0,664,-4303.857,8611.781,2.044,0.21,NA
"EUAS","2","2008","LogNorm",68,-4977.01722,75.2451,664,-4303.871,8611.809,2.072,0.207,NA
"EUAS","2","2008","Exp",68,0.00044,NA,664,-12634.161,25270.345,16660.608,0,NA
"EUAS","2","2009","Power",291,1.77396,NA,194,-1594.993,3192.006,0,0.582,0.986
"EUAS","2","2009","PowerExp",291,1.77397,0,194,-1594.993,3194.047,2.041,0.21,NA
"EUAS","2","2009","LogNorm",291,-4189.51529,73.67179,194,-1594.996,3194.053,2.048,0.209,NA
"EUAS","2","2009","Exp",291,0.00062,NA,194,-11596.184,23194.388,20002.382,0,NA
"EUAS","2","2010","Power",218,1.82704,NA,259,-2015.934,4033.89,0,0.582,0.92
"EUAS","2","2010","PowerExp",218,1.8268,0,259,-2015.934,4035.932,2.042,0.21,NA
"EUAS","2","2010","LogNorm",218,-4216.63366,71.49168,259,-2015.94,4035.942,2.053,0.209,NA
"EUAS","2","2010","Exp",218,0.00042,NA,259,-8926.02,17854.061,13820.171,0,NA
"EUAS","2","2011","Power",84,1.90334,NA,658,-4368.773,8739.567,0,0.583,0.378
"EUAS","2","2011","PowerExp",84,1.9032,0,658,-4368.773,8741.61,2.043,0.21,NA
"EUAS","2","2011","LogNorm",84,-4753.40232,72.61893,658,-4368.784,8741.632,2.064,0.208,NA
"EUAS","2","2011","Exp",84,0.00034,NA,658,-10831.495,21665.011,12925.443,0,NA
"EUAS","2","2012","Power",172,1.83997,NA,355,-2666.904,5335.828,0,0.582,0.903
"EUAS","2","2012","PowerExp",172,1.84041,0,355,-2666.904,5337.868,2.04,0.21,NA
"EUAS","2","2012","LogNorm",172,-3824.86184,67.57899,355,-2666.911,5337.881,2.053,0.208,NA
"EUAS","2","2012","Exp",172,0.00053,NA,355,-11222.046,22446.111,17110.283,0,NA
"EUAS","2","2013","Power",74,1.87811,NA,691,-4541.85,9085.72,0,0.585,0.227
"EUAS","2","2013","LogNorm",74,-4769.54438,73.78663,691,-4541.863,9087.79,2.07,0.208,NA
"EUAS","2","2013","PowerExp",74,1.87254,0,691,-4541.864,9087.791,2.071,0.208,NA
"EUAS","2","2013","Exp",74,0.00041,NA,691,-12267.89,24537.802,15452.082,0,NA
"EUAS","2","2014","Power",96,1.86857,NA,580,-3976.814,7955.649,0,0.583,0.506
"EUAS","2","2014","PowerExp",96,1.86876,0,580,-3976.814,7957.691,2.042,0.21,NA
"EUAS","2","2014","LogNorm",96,-5099.85718,76.71169,580,-3976.827,7957.716,2.067,0.207,NA
"EUAS","2","2014","Exp",96,0.00049,NA,580,-12263.393,24528.807,16573.158,0,NA
"EUAS","3","2000","Power",175,1.98818,NA,2439,-17533.08,35068.169,0,0.479,0.306
"EUAS","3","2000","PowerExp",175,1.97918,0,2439,-17532.421,35068.866,0.697,0.338,NA
"EUAS","3","2000","LogNorm",175,-162.1845,13.0919,2439,-17533.04,35070.105,1.936,0.182,NA
"EUAS","3","2000","Exp",175,0.00081,NA,2439,-19835.986,39673.98,4605.811,0,NA
"EUAS","3","2001","Power",547,2.03726,NA,770,-6338.599,12679.206,0,0.55,0.995
"EUAS","3","2001","PowerExp",547,2.02704,0,770,-6338.382,12680.789,1.583,0.249,NA
"EUAS","3","2001","LogNorm",547,-327.86968,18.00162,770,-6338.597,12681.219,2.013,0.201,NA
"EUAS","3","2001","Exp",547,0.00062,NA,770,-7183.935,14369.877,1690.671,0,NA
"EUAS","3","2002","Power",558,2.01209,NA,842,-6988.941,13979.89,0,0.552,0.962
"EUAS","3","2002","PowerExp",558,2.00334,0,842,-6988.736,13981.496,1.605,0.248,NA
"EUAS","3","2002","LogNorm",558,-862.63392,29.34303,842,-6988.949,13981.921,2.03,0.2,NA
"EUAS","3","2002","Exp",558,0.00074,NA,842,-8331.269,16664.546,2684.655,0,NA
"EUAS","3","2003","Power",305,2.00174,NA,1200,-9260.207,18522.422,0,0.527,0.935
"EUAS","3","2003","PowerExp",305,1.99285,0,1200,-9259.882,18523.791,1.369,0.266,NA
"EUAS","3","2003","LogNorm",305,-78.43959,9.27278,1200,-9260.133,18524.293,1.871,0.207,NA
"EUAS","3","2003","Exp",305,0.00102,NA,1200,-10772.627,21547.262,3024.841,0,NA
"EUAS","3","2004","LogNorm",132,-8.22114,3.94846,3120,-21685.211,43374.446,0,0.509,NA
"EUAS","3","2004","PowerExp",132,1.93088,0.00001,3120,-21685.263,43374.55,0.104,0.483,NA
"EUAS","3","2004","Power",132,1.96625,NA,3120,-21690.43,43382.868,8.421,0.008,0.017
"EUAS","3","2004","Exp",132,0.00136,NA,3120,-23896.908,47795.824,4421.377,0,NA
"EUAS","3","2005","Power",283,1.99639,NA,1504,-11509.636,23021.279,0,0.453,0.805
"EUAS","3","2005","PowerExp",283,1.98263,0,1504,-11508.921,23021.866,0.586,0.338,NA
"EUAS","3","2005","LogNorm",283,-46.60561,7.37705,1504,-11509.405,23022.835,1.555,0.208,NA
"EUAS","3","2005","Exp",283,0.00102,NA,1504,-13118.072,26238.151,3216.872,0,NA
"EUAS","3","2006","Power",224,1.94806,NA,1933,-14535.735,29073.477,0,0.373,0.444
"EUAS","3","2006","PowerExp",224,1.93548,0,1933,-14534.765,29073.554,0.077,0.359,NA
"EUAS","3","2006","LogNorm",224,-29.12586,6.21249,1933,-14535.055,29074.134,0.657,0.268,NA
"EUAS","3","2006","Exp",224,0.00073,NA,1933,-16448.352,32898.712,3825.236,0,NA
"EUAS","3","2007","Power",195,1.95535,NA,1969,-14502.499,29007.007,0,0.428,0.193
"EUAS","3","2007","PowerExp",195,1.94493,0,1969,-14501.702,29007.429,0.422,0.347,NA
"EUAS","3","2007","LogNorm",195,-43.50168,7.29405,1969,-14502.133,29008.291,1.284,0.225,NA
"EUAS","3","2007","Exp",195,0.00067,NA,1969,-16415.321,32832.65,3825.643,0,NA
"EUAS","3","2008","PowerExp",557,1.95676,0,914,-7623.224,15250.469,0,0.5,NA
"EUAS","3","2008","Power",557,1.99036,NA,914,-7624.569,15251.145,0.675,0.356,0.989
"EUAS","3","2008","LogNorm",557,-56.05978,8.06227,914,-7624.467,15252.956,2.486,0.144,NA
"EUAS","3","2008","Exp",557,0.0006,NA,914,-8447.635,16897.278,1646.809,0,NA
"EUAS","3","2009","Power",440,1.99808,NA,991,-8017.811,16037.63,0,0.578,0.988
"EUAS","3","2009","PowerExp",440,1.99744,0,991,-8017.8,16039.624,1.994,0.213,NA
"EUAS","3","2009","LogNorm",440,-1636.37501,40.60332,991,-8017.825,16039.673,2.044,0.208,NA
"EUAS","3","2009","Exp",440,0.0006,NA,991,-9953.565,19909.138,3871.509,0,NA
"EUAS","3","2010","Power",186,1.99849,NA,2375,-17168.325,34338.657,0,0.569,0.395
"EUAS","3","2010","PowerExp",186,1.99668,0,2375,-17168.225,34340.474,1.817,0.23,NA
"EUAS","3","2010","LogNorm",186,-1553.41121,39.55213,2375,-17168.356,34340.737,2.08,0.201,NA
"EUAS","3","2010","Exp",186,0.00105,NA,2375,-20286.285,40574.578,6235.92,0,NA
"EUAS","3","2011","Power",354,2.02105,NA,1383,-10825.91,21653.828,0,0.372,0.319
"EUAS","3","2011","PowerExp",354,2.00076,0,1383,-10824.961,21653.945,0.117,0.35,NA
"EUAS","3","2011","LogNorm",354,-19.74697,5.19111,1383,-10825.193,21654.409,0.581,0.278,NA
"EUAS","3","2011","Exp",354,0.00071,NA,1383,-11926.418,23854.844,2201.017,0,NA
"EUAS","3","2012","PowerExp",185,1.92038,0,2451,-18001.738,36007.497,0,0.619,NA
"EUAS","3","2012","Power",185,1.94025,NA,2451,-18003.866,36009.74,2.243,0.202,0.328
"EUAS","3","2012","LogNorm",185,-29.05161,6.21709,2451,-18002.981,36009.984,2.487,0.179,NA
"EUAS","3","2012","Exp",185,0.00072,NA,2451,-20156.752,40315.512,4308.014,0,NA
"EUAS","3","2013","PowerExp",429,1.99245,0.00001,1018,-8137.922,16279.868,0,0.577,NA
"EUAS","3","2013","Power",429,2.03371,NA,1018,-8139.611,16281.231,1.362,0.292,0.949
"EUAS","3","2013","LogNorm",429,-37.45287,6.62799,1018,-8139.408,16282.841,2.973,0.131,NA
"EUAS","3","2013","Exp",429,0.00053,NA,1018,-8742.437,17486.882,1207.013,0,NA
"EUAS","3","2014","PowerExp",228,1.94507,0,2073,-15572.133,31148.287,0,0.43,NA
"EUAS","3","2014","Power",228,1.95971,NA,2073,-15573.294,31148.595,0.308,0.369,0.6
"EUAS","3","2014","LogNorm",228,-42.33816,7.20447,2073,-15572.896,31149.813,1.526,0.201,NA
"EUAS","3","2014","Exp",228,0.00063,NA,2073,-17453.855,34909.718,3761.431,0,NA
"NA","1","2000","Power",346,1.97854,NA,23828,-188004.392,376010.785,0,0.742,0.014
"NA","1","2000","LogNorm",346,-1258.87913,35.98971,23828,-188004.673,376013.351,2.566,0.206,NA
"NA","1","2000","PowerExp",346,1.96706,0,23828,-188006.045,376016.095,5.31,0.052,NA
"NA","1","2000","Exp",346,0.00082,NA,23828,-581424.061,1162850.124,786839.339,0,NA
"NA","1","2001","Power",416,1.96297,NA,19355,-156908.708,313819.417,0,0.605,0.07
"NA","1","2001","PowerExp",416,1.96266,0,19355,-156908.709,313821.423,2.006,0.222,NA
"NA","1","2001","LogNorm",416,-1570.12072,40.50012,19355,-156908.956,313821.917,2.5,0.173,NA
"NA","1","2001","Exp",416,0.00036,NA,19355,-327755.58,655513.161,341693.744,0,NA
"NA","1","2002","Power",490,1.97462,NA,16481,-135905.018,271812.038,0,0.603,0.118
"NA","1","2002","PowerExp",490,1.97361,0,16481,-135905.027,271814.059,2.022,0.22,NA
"NA","1","2002","LogNorm",490,-1607.46966,40.72673,16481,-135905.241,271814.487,2.449,0.177,NA
"NA","1","2002","Exp",490,0.00093,NA,16481,-594640.873,1189283.748,917471.711,0,NA
"NA","1","2003","Power",465,1.97686,NA,17272,-141442.609,282887.219,0,0.604,0.144
"NA","1","2003","PowerExp",465,1.97679,0,17272,-141442.609,282889.223,2.004,0.222,NA
"NA","1","2003","LogNorm",465,-1542.85294,39.85302,17272,-141442.852,282889.709,2.49,0.174,NA
"NA","1","2003","Exp",465,0.00063,NA,17272,-453289.903,906581.807,623694.588,0,NA
"NA","1","2004","Power",389,1.9752,NA,20948,-167879.86,335761.723,0,0.604,0.102
"NA","1","2004","PowerExp",389,1.9752,0,20948,-167879.862,335763.729,2.007,0.222,NA
"NA","1","2004","LogNorm",389,-1296.28771,36.57727,20948,-167880.102,335764.21,2.487,0.174,NA
"NA","1","2004","Exp",389,0.00078,NA,20948,-541531.45,1083064.901,747303.178,0,NA
"NA","1","2005","Power",336,1.96578,NA,24170,-190637.537,381277.076,0,0.605,0.021
"NA","1","2005","PowerExp",336,1.96544,0,24170,-190637.539,381279.083,2.007,0.222,NA
"NA","1","2005","LogNorm",336,-1082.79034,33.61005,24170,-190637.786,381279.577,2.501,0.173,NA
"NA","1","2005","Exp",336,0.0008,NA,24170,-567815.976,1135633.955,754356.878,0,NA
"NA","1","2006","Power",357,1.96992,NA,21651,-171893.75,343789.502,0,0.608,0.026
"NA","1","2006","PowerExp",357,1.96982,0,21651,-171893.75,343791.506,2.004,0.223,NA
"NA","1","2006","LogNorm",357,-1855.60139,43.84998,21651,-171894.028,343792.062,2.561,0.169,NA
"NA","1","2006","Exp",357,0.00084,NA,21651,-595723.198,1191448.399,847658.897,0,NA
"NA","1","2007","Power",432,1.96316,NA,19492,-158746.821,317495.645,0,0.601,0.145
"NA","1","2007","PowerExp",432,1.96308,0,19492,-158746.822,317497.648,2.004,0.221,NA
"NA","1","2007","LogNorm",432,-1108.8366,34.06402,19492,-158747.034,317498.073,2.428,0.178,NA
"NA","1","2007","Exp",432,0.00038,NA,19492,-343352.446,686706.894,369211.249,0,NA
"NA","1","2008","Power",432,1.95039,NA,19574,-159949.217,319900.436,0,0.766,0.143
"NA","1","2008","LogNorm",432,-1118.86086,34.44488,19574,-159949.412,319902.829,2.393,0.232,NA
"NA","1","2008","PowerExp",432,1.92976,0,19574,-159953.893,319911.792,11.355,0.003,NA
"NA","1","2008","Exp",432,0.00041,NA,19574,-366300.333,732602.667,412702.23,0,NA
"NA","1","2009","Power",480,1.9559,NA,16808,-138918.375,277838.752,0,0.611,0.361
"NA","1","2009","PowerExp",480,1.9523,0,16808,-138918.495,277840.996,2.244,0.199,NA
"NA","1","2009","LogNorm",480,-1149.2165,34.80571,16808,-138918.539,277841.084,2.331,0.19,NA
"NA","1","2009","Exp",480,0.00091,NA,16808,-589274.822,1178551.645,900712.892,0,NA
"NA","1","2010","Power",373,1.95409,NA,21079,-168983.83,337969.662,0,0.601,0.022
"NA","1","2010","PowerExp",373,1.954,0,21079,-168983.83,337971.666,2.004,0.221,NA
"NA","1","2010","LogNorm",373,-1397.01854,38.38939,21079,-168984.041,337972.088,2.426,0.179,NA
"NA","1","2010","Exp",373,0.00095,NA,21079,-642502.638,1285007.278,947037.616,0,NA
"NA","1","2011","Power",486,1.95012,NA,16925,-140306.222,280614.446,0,0.599,0.296
"NA","1","2011","PowerExp",486,1.9512,0,16925,-140306.233,280616.472,2.026,0.217,NA
"NA","1","2011","LogNorm",486,-1228.41011,36.07766,16925,-140306.402,280616.81,2.364,0.184,NA
"NA","1","2011","Exp",486,0.0007,NA,16925,-462721.51,925445.021,644830.575,0,NA
"NA","1","2012","Power",432,1.94502,NA,18001,-147305.07,294612.141,0,0.664,0.201
"NA","1","2012","LogNorm",432,-815.52213,29.53259,18001,-147305.199,294614.404,2.263,0.214,NA
"NA","1","2012","PowerExp",432,1.95332,0,18001,-147305.761,294615.527,3.385,0.122,NA
"NA","1","2012","Exp",432,0.00063,NA,18001,-449469.856,898941.713,604329.571,0,NA
"NA","1","2013","Power",357,1.96134,NA,21274,-169285.347,338572.696,0,0.611,0.024
"NA","1","2013","PowerExp",357,1.96065,0,21274,-169285.355,338574.715,2.018,0.223,NA
"NA","1","2013","LogNorm",357,-1709.24173,42.27771,21274,-169285.649,338575.302,2.606,0.166,NA
"NA","1","2013","Exp",357,0.001,NA,21274,-681488.571,1362979.144,1024406.448,0,NA
"NA","1","2014","Power",437,1.95776,NA,16867,-137756.044,275514.09,0,0.603,0.165
"NA","1","2014","PowerExp",437,1.95767,0,16867,-137756.044,275516.094,2.004,0.222,NA
"NA","1","2014","LogNorm",437,-1826.96691,43.77293,16867,-137756.28,275516.565,2.475,0.175,NA
"NA","1","2014","Exp",437,0.00096,NA,16867,-632172.872,1264347.745,988833.655,0,NA
"NA","5","2000","Power",110,2.02755,NA,546,-3628.982,7259.985,0,0.585,0.733
"NA","5","2000","LogNorm",110,-3385.22156,57.4586,546,-3628.991,7262.05,2.064,0.208,NA
"NA","5","2000","PowerExp",110,2.03575,0,546,-3628.999,7262.065,2.079,0.207,NA
"NA","5","2000","Exp",110,0.00054,NA,546,-7589.408,15180.839,7920.854,0,NA
"NA","5","2001","Power",157,1.96679,NA,540,-3847.163,7696.344,0,0.582,0.457
"NA","5","2001","PowerExp",157,1.96714,0,540,-3847.163,7698.38,2.036,0.21,NA
"NA","5","2001","LogNorm",157,-5135.5752,72.95999,540,-3847.173,7698.4,2.056,0.208,NA
"NA","5","2001","Exp",157,0.00082,NA,540,-8274.292,16550.601,8854.257,0,NA
"NA","5","2002","Power",199,1.92935,NA,302,-2247.663,4497.347,0,0.582,0.854
"NA","5","2002","PowerExp",199,1.92499,0,302,-2247.666,4499.397,2.049,0.209,NA
"NA","5","2002","LogNorm",199,-4180.74327,67.1523,302,-2247.669,4499.402,2.054,0.209,NA
"NA","5","2002","Exp",199,0.0004,NA,302,-4682.618,9367.258,4869.911,0,NA
"NA","5","2003","Power",100,1.94914,NA,639,-4288.298,8578.617,0,0.583,0.732
"NA","5","2003","PowerExp",100,1.95277,0,639,-4288.303,8580.668,2.051,0.209,NA
"NA","5","2003","LogNorm",100,-3426.24961,60.15239,639,-4288.311,8580.684,2.066,0.208,NA
"NA","5","2003","Exp",100,0.00088,NA,639,-9460.717,18923.454,10344.837,0,NA
"NA","5","2004","Power",146,1.91194,NA,500,-3586.174,7174.366,0,0.582,0.554
"NA","5","2004","PowerExp",146,1.91177,0,500,-3586.174,7176.404,2.038,0.21,NA
"NA","5","2004","LogNorm",146,-4528.14294,70.54468,500,-3586.183,7176.422,2.056,0.208,NA
"NA","5","2004","Exp",146,0.0008,NA,500,-7560.881,15123.781,7949.415,0,NA
"NA","5","2005","Power",176,2.01226,NA,424,-3029.983,6061.987,0,0.582,0.903
"NA","5","2005","PowerExp",176,2.01221,0,424,-3029.983,6064.028,2.041,0.21,NA
"NA","5","2005","LogNorm",176,-2569.96849,50.47441,424,-3029.99,6064.042,2.055,0.208,NA
"NA","5","2005","Exp",176,0.00062,NA,424,-6428.739,12859.498,6797.511,0,NA
"NA","5","2006","Power",131,2.03234,NA,494,-3365.152,6732.325,0,0.591,0.645
"NA","5","2006","LogNorm",131,-4572.37616,66.6394,494,-3365.162,6734.39,2.065,0.21,NA
"NA","5","2006","PowerExp",131,2.01567,0,494,-3365.217,6734.499,2.174,0.199,NA
"NA","5","2006","Exp",131,0.0006,NA,494,-7361.073,14724.168,7991.843,0,NA
"NA","5","2007","Power",241,1.96218,NA,263,-1988.979,3979.978,0,0.582,0.979
"NA","5","2007","PowerExp",241,1.96283,0,263,-1988.979,3982.02,2.042,0.21,NA
"NA","5","2007","LogNorm",241,-3765.33755,62.63033,263,-1988.983,3982.03,2.051,0.209,NA
"NA","5","2007","Exp",241,0.00038,NA,263,-4344.088,8690.197,4710.218,0,NA
"NA","5","2008","Power",106,2.01244,NA,483,-3206.539,6415.104,0,0.583,0.494
"NA","5","2008","PowerExp",106,2.01238,0,483,-3206.539,6417.153,2.05,0.209,NA
"NA","5","2008","LogNorm",106,-4645.60758,67.80166,483,-3206.548,6417.171,2.068,0.207,NA
"NA","5","2008","Exp",106,0.00068,NA,483,-7907.287,15816.599,9401.495,0,NA
"NA","5","2009","Power",293,1.92356,NA,153,-1199.896,2401.817,0,0.582,0.968
"NA","5","2009","PowerExp",293,1.92372,0,153,-1199.896,2403.866,2.049,0.209,NA
"NA","5","2009","LogNorm",293,-5629.792,78.16675,153,-1199.899,2403.872,2.055,0.208,NA
"NA","5","2009","Exp",293,0.00053,NA,153,-4736.694,9475.413,7073.596,0,NA
"NA","5","2010","Power",150,2.1488,NA,352,-2373.322,4748.67,0,0.584,0.642
"NA","5","2010","PowerExp",150,2.14469,0,352,-2373.324,4750.727,2.057,0.209,NA
"NA","5","2010","LogNorm",150,-7227.31912,79.34558,352,-2373.33,4750.739,2.069,0.207,NA
"NA","5","2010","Exp",150,0.00038,NA,352,-5261.344,10524.713,5776.043,0,NA
"NA","5","2011","Power",174,1.88771,NA,445,-3295.07,6592.158,0,0.581,0.663
"NA","5","2011","PowerExp",174,1.88781,0,445,-3295.07,6594.194,2.036,0.21,NA
"NA","5","2011","LogNorm",174,-4454.68346,70.91684,445,-3295.078,6594.21,2.052,0.208,NA
"NA","5","2011","Exp",174,0.00097,NA,445,-7828.517,15659.051,9066.894,0,NA
"NA","5","2012","Power",93,1.97401,NA,448,-2950.36,5902.745,0,0.584,0.264
"NA","5","2012","PowerExp",93,1.97101,0,448,-2950.362,5904.8,2.055,0.209,NA
"NA","5","2012","LogNorm",93,-6914.21803,84.32889,448,-2950.37,5904.817,2.072,0.207,NA
"NA","5","2012","Exp",93,0.00081,NA,448,-8660.472,17322.968,11420.223,0,NA
"NA","5","2013","Power",117,2.01619,NA,504,-3392.015,6786.052,0,0.583,0.652
"NA","5","2013","PowerExp",117,2.01572,0,504,-3392.015,6788.095,2.043,0.21,NA
"NA","5","2013","LogNorm",117,-3828.4348,61.44205,504,-3392.025,6788.115,2.063,0.208,NA
"NA","5","2013","Exp",117,0.00062,NA,504,-7662.494,15327.01,8540.958,0,NA
"NA","5","2014","Power",136,1.97088,NA,564,-3932.325,7866.669,0,0.582,0.694
"NA","5","2014","PowerExp",136,1.97334,0,564,-3932.327,7868.711,2.042,0.21,NA
"NA","5","2014","LogNorm",136,-4010.63134,64.3506,564,-3932.338,7868.732,2.063,0.208,NA
"NA","5","2014","Exp",136,0.00084,NA,564,-8131.96,16265.94,8399.27,0,NA
"OC","1","2000","Power",326,1.86125,NA,3907,-31636.385,63274.774,0,0.563,0.693
"OC","1","2000","PowerExp",326,1.86004,0,3907,-31636.271,63276.554,1.78,0.231,NA
"OC","1","2000","LogNorm",326,-485.40604,23.94015,3907,-31636.384,63276.779,2.005,0.206,NA
"OC","1","2000","Exp",326,0.00064,NA,3907,-48261.421,96524.847,33250.073,0,NA
"OC","1","2001","Power",369,1.88051,NA,3334,-27251.277,54504.558,0,0.573,0.788
"OC","1","2001","PowerExp",369,1.88009,0,3334,-27251.225,54506.462,1.904,0.221,NA
"OC","1","2001","LogNorm",369,-847.15041,31.17368,3334,-27251.297,54506.607,2.049,0.206,NA
"OC","1","2001","Exp",369,0.00053,NA,3334,-39881.908,79765.82,25261.262,0,NA
"OC","1","2002","Power",478,1.87667,NA,2861,-24152.316,48306.636,0,0.574,0.743
"OC","1","2002","PowerExp",478,1.87594,0,2861,-24152.265,48308.541,1.905,0.222,NA
"OC","1","2002","LogNorm",478,-1114.63976,35.79637,2861,-24152.345,48308.703,2.067,0.204,NA
"OC","1","2002","Exp",478,0.00096,NA,2861,-49737.468,99476.94,51170.304,0,NA
"OC","1","2003","Power",271,1.84429,NA,4144,-32968.878,65939.759,0,0.562,0.355
"OC","1","2003","PowerExp",271,1.84343,0,4144,-32968.745,65941.503,1.744,0.235,NA
"OC","1","2003","LogNorm",271,-775.8285,30.47045,4144,-32968.896,65941.803,2.044,0.202,NA
"OC","1","2003","Exp",271,0.00055,NA,4144,-47933.249,95868.502,29928.743,0,NA
"OC","1","2004","Power",254,1.83412,NA,3465,-27434.443,54870.892,0,0.569,0.402
"OC","1","2004","PowerExp",254,1.83346,0,3465,-27434.349,54872.712,1.821,0.229,NA
"OC","1","2004","LogNorm",254,-1151.28831,37.29315,3465,-27434.473,54872.96,2.069,0.202,NA
"OC","1","2004","Exp",254,0.00067,NA,3465,-43798.959,87599.922,32729.03,0,NA
"OC","1","2005","Power",402,1.87316,NA,2965,-24542.368,49086.74,0,0.575,0.578
"OC","1","2005","PowerExp",402,1.87243,0,2965,-24542.322,49088.657,1.917,0.22,NA
"OC","1","2005","LogNorm",402,-1395.11943,40.09949,2965,-24542.397,49088.807,2.067,0.205,NA
"OC","1","2005","Exp",402,0.0006,NA,2965,-39472.75,78947.504,29860.764,0,NA
"OC","1","2006","Power",339,1.8551,NA,3419,-27871.672,55745.348,0,0.576,0.567
"OC","1","2006","PowerExp",339,1.85481,0,3419,-27871.615,55747.242,1.894,0.223,NA
"OC","1","2006","LogNorm",339,-1775.08298,45.68188,3419,-27871.719,55747.45,2.102,0.201,NA
"OC","1","2006","Exp",339,0.00058,NA,3419,-44591.412,89184.828,33439.479,0,NA
"OC","1","2007","Power",294,1.87715,NA,4064,-32327.997,64657.998,0,0.579,0.611
"OC","1","2007","PowerExp",294,1.87701,0,4064,-32327.964,64659.94,1.943,0.219,NA
"OC","1","2007","LogNorm",294,-1572.72307,42.45214,4064,-32328.048,64660.109,2.111,0.202,NA
"OC","1","2007","Exp",294,0.00063,NA,4064,-49786.8,99575.603,34917.606,0,NA
"OC","1","2008","Power",352,1.85968,NA,3319,-27142.907,54287.817,0,0.572,0.761
"OC","1","2008","PowerExp",352,1.85886,0,3319,-27142.841,54289.695,1.878,0.224,NA
"OC","1","2008","LogNorm",352,-1002.85586,34.2999,3319,-27142.933,54289.878,2.061,0.204,NA
"OC","1","2008","Exp",352,0.00056,NA,3319,-41959.955,83921.914,29634.096,0,NA
"OC","1","2009","Power",267,1.88163,NA,4399,-34521.179,69044.362,0,0.582,0.262
"OC","1","2009","PowerExp",267,1.8816,0,4399,-34521.161,69046.335,1.973,0.217,NA
"OC","1","2009","LogNorm",267,-1602.32659,42.74548,4399,-34521.237,69046.488,2.126,0.201,NA
"OC","1","2009","Exp",267,0.0006,NA,4399,-52676.969,105355.943,36311.581,0,NA
"OC","1","2010","Power",385,1.88807,NA,3202,-26249.917,52501.838,0,0.578,0.698
"OC","1","2010","PowerExp",385,1.8879,0,3202,-26249.901,52503.815,1.977,0.215,NA
"OC","1","2010","LogNorm",385,-902.262,32.02155,3202,-26249.938,52503.89,2.052,0.207,NA
"OC","1","2010","Exp",385,0.0008,NA,3202,-48441.272,96884.548,44382.71,0,NA
"OC","1","2011","Power",278,1.83734,NA,3451,-27605.973,55213.951,0,0.567,0.568
"OC","1","2011","PowerExp",278,1.83687,0,3451,-27605.891,55215.795,1.844,0.226,NA
"OC","1","2011","LogNorm",278,-564.32171,26.14477,3451,-27605.974,55215.962,2.011,0.207,NA
"OC","1","2011","Exp",278,0.00084,NA,3451,-49617.952,99237.908,44023.957,0,NA
"OC","1","2012","Power",480,1.84488,NA,2561,-21834.945,43671.895,0,0.548,0.847
"OC","1","2012","PowerExp",480,1.84335,0,2561,-21834.812,43673.637,1.742,0.229,NA
"OC","1","2012","LogNorm",480,-118.56535,12.26502,2561,-21834.843,43673.699,1.804,0.222,NA
"OC","1","2012","Exp",480,0.00053,NA,2561,-35279.601,70561.207,26889.311,0,NA
"OC","1","2013","Power",446,1.88589,NA,2767,-23105.252,46212.509,0,0.579,0.742
"OC","1","2013","PowerExp",446,1.88535,0,2767,-23105.234,46214.481,1.972,0.216,NA
"OC","1","2013","LogNorm",446,-1856.04775,45.89571,2767,-23105.289,46214.591,2.082,0.205,NA
"OC","1","2013","Exp",446,0.00099,NA,2767,-49667.08,99336.164,53123.655,0,NA
"OC","1","2014","Power",396,1.90764,NA,2983,-24401.172,48804.347,0,0.58,0.904
"OC","1","2014","PowerExp",396,1.90855,0,2983,-24401.162,48806.337,1.99,0.214,NA
"OC","1","2014","LogNorm",396,-1305.95732,38.06601,2983,-24401.204,48806.421,2.073,0.206,NA
"OC","1","2014","Exp",396,0.0005,NA,2983,-35918.761,71839.525,23035.178,0,NA
"OC","2","2000","Power",138,1.90697,NA,1031,-7348.429,14698.872,0,0.582,0.636
"OC","2","2000","PowerExp",138,1.90603,0,1031,-7348.43,14700.899,2.028,0.211,NA
"OC","2","2000","LogNorm",138,-4503.05085,70.54793,1031,-7348.449,14700.937,2.065,0.207,NA
"OC","2","2000","Exp",138,0.00071,NA,1031,-54108.453,108218.919,93520.047,0,NA
"OC","2","2001","Power",139,1.97534,NA,763,-5329.345,10660.706,0,0.582,0.384
"OC","2","2001","PowerExp",139,1.9719,0,763,-5329.35,10662.748,2.042,0.21,NA
"OC","2","2001","LogNorm",139,-3536.29326,60.29274,763,-5329.36,10662.769,2.062,0.208,NA
"OC","2","2001","Exp",139,0.00067,NA,763,-50773.074,101548.165,90887.458,0,NA
"OC","2","2002","Power",121,1.99776,NA,930,-6324.258,12650.532,0,0.582,0.318
"OC","2","2002","PowerExp",121,1.99795,0,930,-6324.258,12652.564,2.032,0.211,NA
"OC","2","2002","LogNorm",121,-4491.84645,67.17086,930,-6324.277,12652.602,2.071,0.207,NA
"OC","2","2002","Exp",121,0.00048,NA,930,-40882.536,81767.088,69116.556,0,NA
"OC","2","2003","Power",111,1.99351,NA,733,-4927.652,9857.323,0,0.583,0.316
"OC","2","2003","PowerExp",111,1.99366,0,733,-4927.652,9859.362,2.039,0.21,NA
"OC","2","2003","LogNorm",111,-5507.34491,74.51052,733,-4927.671,9859.399,2.076,0.207,NA
"OC","2","2003","Exp",111,0.00041,NA,733,-34534.213,69070.445,59213.122,0,NA
"OC","2","2004","Power",122,1.94659,NA,788,-5449.278,10900.573,0,0.582,0.438
"OC","2","2004","PowerExp",122,1.94657,0,788,-5449.278,10902.607,2.034,0.211,NA
"OC","2","2004","LogNorm",122,-4832.69552,71.53102,788,-5449.295,10902.641,2.068,0.207,NA
"OC","2","2004","Exp",122,0.00041,NA,788,-34864.238,69730.493,58829.92,0,NA
"OC","2","2005","Power",226,1.99747,NA,510,-3787.053,7576.123,0,0.582,0.706
"OC","2","2005","PowerExp",226,1.99732,0,510,-3787.053,7578.155,2.032,0.211,NA
"OC","2","2005","LogNorm",226,-6168.62712,78.73928,510,-3787.066,7578.18,2.057,0.208,NA
"OC","2","2005","Exp",226,0.00073,NA,510,-52515.457,105032.93,97456.807,0,NA
"OC","2","2006","Power",126,1.89831,NA,733,-5172.571,10347.159,0,0.582,0.617
"OC","2","2006","PowerExp",126,1.89849,0,733,-5172.571,10349.192,2.033,0.211,NA
"OC","2","2006","LogNorm",126,-5372.96801,77.39592,733,-5172.587,10349.224,2.065,0.207,NA
"OC","2","2006","Exp",126,0.00035,NA,733,-30235.883,60473.782,50126.623,0,NA
"OC","2","2007","Power",152,1.90939,NA,861,-6215.133,12432.279,0,0.581,0.578
"OC","2","2007","PowerExp",152,1.90928,0,861,-6215.133,12434.306,2.027,0.211,NA
"OC","2","2007","LogNorm",152,-3280.18112,60.13555,861,-6215.149,12434.337,2.058,0.208,NA
"OC","2","2007","Exp",152,0.00051,NA,861,-40291.94,80585.893,68153.614,0,NA
"OC","2","2008","Power",177,1.91301,NA,761,-5602.818,11207.65,0,0.581,0.88
"OC","2","2008","PowerExp",177,1.91321,0,761,-5602.818,11209.676,2.027,0.211,NA
"OC","2","2008","LogNorm",177,-2486.86384,52.29307,761,-5602.832,11209.703,2.054,0.208,NA
"OC","2","2008","Exp",177,0.00094,NA,761,-68235.205,136472.423,125264.773,0,NA
"OC","2","2009","Power",94,1.93678,NA,1040,-6943.137,13888.29,0,0.583,0.133
"OC","2","2009","PowerExp",94,1.93674,0,1040,-6943.137,13890.323,2.033,0.211,NA
"OC","2","2009","LogNorm",94,-5432.43632,76.20618,1040,-6943.159,13890.368,2.078,0.206,NA
"OC","2","2009","Exp",94,0.00042,NA,1040,-37353.21,74708.437,60820.147,0,NA
"OC","2","2010","Power",172,1.86258,NA,656,-4890.242,9782.499,0,0.581,0.592
"OC","2","2010","PowerExp",172,1.86167,0,656,-4890.243,9784.529,2.03,0.211,NA
"OC","2","2010","LogNorm",172,-4752.6844,74.28553,656,-4890.255,9784.554,2.054,0.208,NA
"OC","2","2010","Exp",172,0.00085,NA,656,-63134.12,126270.254,116487.754,0,NA
"OC","2","2011","Power",216,1.90425,NA,499,-3783.322,7568.659,0,0.581,0.986
"OC","2","2011","PowerExp",216,1.90427,0,499,-3783.322,7570.691,2.032,0.21,NA
"OC","2","2011","LogNorm",216,-4859.36643,73.37984,499,-3783.331,7570.71,2.051,0.208,NA
"OC","2","2011","Exp",216,0.00081,NA,499,-58472.709,116947.433,109378.774,0,NA
"OC","2","2012","Power",141,1.93237,NA,653,-4630.638,9263.293,0,0.582,0.56
"OC","2","2012","PowerExp",141,1.9326,0,653,-4630.638,9265.327,2.033,0.211,NA
"OC","2","2012","LogNorm",141,-5336.93997,75.7115,653,-4630.652,9265.354,2.061,0.208,NA
"OC","2","2012","Exp",141,0.00085,NA,653,-62352.837,124707.69,115444.397,0,NA
"OC","2","2013","Power",115,1.94613,NA,1001,-6864.094,13730.204,0,0.582,0.133
"OC","2","2013","PowerExp",115,1.94592,0,1001,-6864.094,13732.234,2.03,0.211,NA
"OC","2","2013","LogNorm",115,-4545.9593,69.4035,1001,-6864.115,13732.275,2.072,0.207,NA
"OC","2","2013","Exp",115,0.00043,NA,1001,-36390.313,72782.642,59052.438,0,NA
"OC","2","2014","Power",125,1.94449,NA,1118,-7763.617,15529.248,0,0.582,0.141
"OC","2","2014","PowerExp",125,1.94482,0,1118,-7763.617,15531.275,2.027,0.211,NA
"OC","2","2014","LogNorm",125,-4201.4862,66.77507,1118,-7763.643,15531.325,2.077,0.206,NA
"OC","2","2014","Exp",125,0.00065,NA,1118,-50640.687,101283.388,85754.14,0,NA
"OC","3","2000","Power",186,1.84347,NA,1043,-7907.561,15817.132,0,0.58,0.889
"OC","3","2000","PowerExp",186,1.84339,0,1043,-7907.561,15819.153,2.021,0.211,NA
"OC","3","2000","LogNorm",186,-1227.88112,38.27835,1043,-7907.571,15819.173,2.041,0.209,NA
"OC","3","2000","Exp",186,0.00063,NA,1043,-44844.665,89691.34,73874.208,0,NA
"OC","3","2001","Power",311,1.93962,NA,633,-4979.388,9960.787,0,0.58,0.611
"OC","3","2001","PowerExp",311,1.93913,0,633,-4979.388,9962.81,2.023,0.211,NA
"OC","3","2001","LogNorm",311,-1575.6551,41.06366,633,-4979.397,9962.828,2.041,0.209,NA
"OC","3","2001","Exp",311,0.00086,NA,633,-55145.257,110292.526,100331.739,0,NA
"OC","3","2002","Power",148,1.9175,NA,1155,-8285.072,16572.156,0,0.58,0.578
"OC","3","2002","PowerExp",148,1.91748,0,1155,-8285.072,16574.18,2.024,0.211,NA
"OC","3","2002","LogNorm",148,-608.92878,25.91586,1155,-8285.076,16574.187,2.032,0.21,NA
"OC","3","2002","Exp",148,0.00054,NA,1155,-41207.659,82417.33,65845.174,0,NA
"OC","3","2003","Power",142,1.92836,NA,1099,-7810.956,15623.924,0,0.58,0.411
"OC","3","2003","PowerExp",142,1.92834,0,1099,-7810.956,15625.95,2.026,0.211,NA
"OC","3","2003","LogNorm",142,-915.19684,31.52672,1099,-7810.965,15625.968,2.044,0.209,NA
"OC","3","2003","Exp",142,0.00058,NA,1099,-42641.791,85285.594,69661.67,0,NA
"OC","3","2004","Power",153,1.90196,NA,987,-7148.168,14298.349,0,0.581,0.873
"OC","3","2004","PowerExp",153,1.90184,0,987,-7148.168,14300.374,2.025,0.211,NA
"OC","3","2004","LogNorm",153,-1788.81632,44.63884,987,-7148.182,14300.4,2.051,0.208,NA
"OC","3","2004","Exp",153,0.0007,NA,987,-50237.085,100476.181,86177.832,0,NA
"OC","3","2005","Power",248,1.88369,NA,542,-4210.635,8423.284,0,0.581,0.833
"OC","3","2005","PowerExp",248,1.88404,0,542,-4210.635,8425.311,2.028,0.211,NA
"OC","3","2005","LogNorm",248,-2929.73176,57.66986,542,-4210.644,8425.329,2.045,0.209,NA
"OC","3","2005","Exp",248,0.0004,NA,542,-28876.235,57754.483,49331.199,0,NA
"OC","3","2006","Power",265,1.88273,NA,833,-6528.487,13058.985,0,0.58,0.908
"OC","3","2006","PowerExp",265,1.88291,0,833,-6528.487,13061.006,2.021,0.211,NA
"OC","3","2006","LogNorm",265,-1728.25578,44.35635,833,-6528.498,13061.027,2.042,0.209,NA
"OC","3","2006","Exp",265,0.00044,NA,833,-31047.69,62097.39,49038.405,0,NA
"OC","3","2007","Power",322,1.84606,NA,651,-5288.507,10579.023,0,0.58,0.979
"OC","3","2007","PowerExp",322,1.8461,0,651,-5288.507,10581.044,2.021,0.211,NA
"OC","3","2007","LogNorm",322,-1453.01757,41.57327,651,-5288.515,10581.06,2.037,0.209,NA
"OC","3","2007","Exp",322,0.00062,NA,651,-41614.195,83230.399,72651.376,0,NA
"OC","3","2008","Power",131,1.88577,NA,1318,-9391.35,18784.712,0,0.582,0.334
"OC","3","2008","PowerExp",131,1.88627,0,1318,-9391.351,18786.736,2.023,0.211,NA
"OC","3","2008","LogNorm",131,-2795.52576,56.26831,1318,-9391.372,18786.779,2.067,0.207,NA
"OC","3","2008","Exp",131,0.00043,NA,1318,-35865.753,71733.517,52948.805,0,NA
"OC","3","2009","Power",176,1.84473,NA,781,-5875.478,11752.969,0,0.581,0.875
"OC","3","2009","PowerExp",176,1.84462,0,781,-5875.478,11754.995,2.026,0.211,NA
"OC","3","2009","LogNorm",176,-1951.985,48.16456,781,-5875.49,11755.018,2.049,0.208,NA
"OC","3","2009","Exp",176,0.00053,NA,781,-38661.426,77324.865,65571.895,0,NA
"OC","3","2010","Power",121,1.87569,NA,1024,-7240.174,14482.36,0,0.593,0.646
"OC","3","2010","LogNorm",121,-831.40206,30.94849,1024,-7240.18,14484.399,2.038,0.214,NA
"OC","3","2010","PowerExp",121,1.86303,0,1024,-7240.282,14484.603,2.242,0.193,NA
"OC","3","2010","Exp",121,0.00067,NA,1024,-49125.952,98253.917,83771.557,0,NA
"OC","3","2011","Power",168,1.92112,NA,930,-6781.348,13564.708,0,0.589,0.626
"OC","3","2011","LogNorm",168,-1164.85536,35.66997,930,-6781.358,13566.753,2.045,0.212,NA
"OC","3","2011","PowerExp",168,1.90984,0,930,-6781.418,13566.874,2.165,0.199,NA
"OC","3","2011","Exp",168,0.00072,NA,930,-49452.621,98907.254,85342.545,0,NA
"OC","3","2012","Power",434,1.83506,NA,359,-3033.838,6069.69,0,0.58,0.986
"OC","3","2012","PowerExp",434,1.83522,0,359,-3033.838,6071.715,2.026,0.211,NA
"OC","3","2012","LogNorm",434,-2890.15151,58.92354,359,-3033.844,6071.727,2.038,0.209,NA
"OC","3","2012","Exp",434,0.00042,NA,359,-28488.685,56979.382,50909.692,0,NA
"OC","3","2013","Power",210,1.88946,NA,775,-5881.099,11764.21,0,0.58,0.803
"OC","3","2013","PowerExp",210,1.8892,0,775,-5881.099,11766.234,2.024,0.211,NA
"OC","3","2013","LogNorm",210,-1215.00598,37.0816,775,-5881.108,11766.253,2.042,0.209,NA
"OC","3","2013","Exp",210,0.00052,NA,775,-37544.067,75090.147,63325.936,0,NA
"OC","3","2014","Power",234,1.95746,NA,977,-7369.72,14741.45,0,0.589,0.947
"OC","3","2014","LogNorm",234,-2143.90459,47.42024,977,-7369.733,14743.498,2.048,0.212,NA
"OC","3","2014","PowerExp",234,1.94581,0,977,-7369.793,14743.617,2.167,0.199,NA
"OC","3","2014","Exp",234,0.00062,NA,977,-41222.775,82447.56,67706.11,0,NA
"OC","4","2000","Power",381,1.9179,NA,488,-3961.54,7925.092,0,0.58,0.948
"OC","4","2000","PowerExp",381,1.91771,0,488,-3961.54,7927.115,2.024,0.211,NA
"OC","4","2000","LogNorm",381,-2201.82462,49.07214,488,-3961.548,7927.131,2.039,0.209,NA
"OC","4","2000","Exp",381,0.00072,NA,488,-24864.658,49731.327,41806.235,0,NA
"OC","4","2001","Power",137,1.88485,NA,1149,-8241.135,16484.283,0,0.581,0.582
"OC","4","2001","PowerExp",137,1.8845,0,1149,-8241.136,16486.307,2.025,0.211,NA
"OC","4","2001","LogNorm",137,-1810.37818,45.32158,1149,-8241.151,16486.338,2.055,0.208,NA
"OC","4","2001","Exp",137,0.00058,NA,1149,-26044.157,52090.326,35606.043,0,NA
"OC","4","2002","Power",121,1.9161,NA,1203,-8390.927,16783.868,0,0.582,0.432
"OC","4","2002","PowerExp",121,1.91567,0,1203,-8390.928,16785.894,2.026,0.211,NA
"OC","4","2002","LogNorm",121,-2445.03161,51.74604,1203,-8390.951,16785.94,2.072,0.207,NA
"OC","4","2002","Exp",121,0.00044,NA,1203,-22963.985,45929.984,29146.116,0,NA
"OC","4","2003","Power",127,1.88232,NA,1126,-7997.703,15997.419,0,0.581,0.58
"OC","4","2003","PowerExp",127,1.88204,0,1126,-7997.703,15999.444,2.025,0.211,NA
"OC","4","2003","LogNorm",127,-2046.61711,48.26239,1126,-7997.72,15999.477,2.058,0.208,NA
"OC","4","2003","Exp",127,0.0007,NA,1126,-30092.736,60187.484,44190.065,0,NA
"OC","4","2004","Power",294,1.88797,NA,600,-4757.139,9516.29,0,0.58,0.95
"OC","4","2004","PowerExp",294,1.88801,0,600,-4757.139,9518.314,2.024,0.211,NA
"OC","4","2004","LogNorm",294,-2948.27411,57.70461,600,-4757.15,9518.336,2.046,0.209,NA
"OC","4","2004","Exp",294,0.00072,NA,600,-26150.544,52303.101,42786.811,0,NA
"OC","4","2005","Power",179,1.8899,NA,793,-5890.201,11782.415,0,0.581,0.734
"OC","4","2005","PowerExp",179,1.88984,0,793,-5890.201,11784.44,2.026,0.211,NA
"OC","4","2005","LogNorm",179,-2661.91201,54.77842,793,-5890.214,11784.467,2.052,0.208,NA
"OC","4","2005","Exp",179,0.00053,NA,793,-22455.175,44912.362,33129.947,0,NA
"OC","4","2006","Power",150,1.89363,NA,1184,-8574.678,17151.368,0,0.582,0.525
"OC","4","2006","PowerExp",150,1.89578,0,1184,-8574.682,17153.398,2.03,0.211,NA
"OC","4","2006","LogNorm",150,-2290.22507,50.70819,1184,-8574.698,17153.431,2.062,0.207,NA
"OC","4","2006","Exp",150,0.00044,NA,1184,-22474.152,44950.315,27798.947,0,NA
"OC","4","2007","Power",154,1.95359,NA,1099,-7839.33,15680.673,0,0.585,0.354
"OC","4","2007","LogNorm",154,-3455.33312,60.29426,1099,-7839.352,15682.741,2.068,0.208,NA
"OC","4","2007","PowerExp",154,1.96056,0,1099,-7839.36,15682.756,2.083,0.207,NA
"OC","4","2007","Exp",154,0.00072,NA,1099,-30053.273,60108.557,44427.885,0,NA
"OC","4","2008","Power",406,1.8814,NA,442,-3654.084,7310.18,0,0.58,0.992
"OC","4","2008","PowerExp",406,1.8813,0,442,-3654.084,7312.204,2.024,0.211,NA
"OC","4","2008","LogNorm",406,-3124.20882,59.62857,442,-3654.092,7312.22,2.039,0.209,NA
"OC","4","2008","Exp",406,0.00047,NA,442,-17615.182,35232.376,27922.196,0,NA
"OC","4","2009","Power",153,1.90341,NA,931,-6739.455,13480.923,0,0.581,0.891
"OC","4","2009","PowerExp",153,1.90323,0,931,-6739.455,13482.95,2.027,0.211,NA
"OC","4","2009","LogNorm",153,-2512.30885,52.7774,931,-6739.472,13482.983,2.06,0.208,NA
"OC","4","2009","Exp",153,0.00042,NA,931,-20361.039,40724.091,27243.168,0,NA
"OC","4","2010","Power",409,1.93957,NA,416,-3386.391,6774.793,0,0.58,0.991
"OC","4","2010","PowerExp",409,1.93938,0,416,-3386.391,6776.818,2.025,0.211,NA
"OC","4","2010","LogNorm",409,-2589.74506,52.60229,416,-3386.398,6776.834,2.04,0.209,NA
"OC","4","2010","Exp",409,0.00053,NA,416,-19971.023,39944.059,33169.265,0,NA
"OC","4","2011","Power",202,1.86394,NA,530,-4034.361,8070.737,0,0.581,0.92
"OC","4","2011","PowerExp",202,1.86395,0,530,-4034.361,8072.767,2.03,0.211,NA
"OC","4","2011","LogNorm",202,-2581.77965,54.76607,530,-4034.372,8072.789,2.052,0.208,NA
"OC","4","2011","Exp",202,0.00075,NA,530,-28820.329,57642.674,49571.937,0,NA
"OC","4","2012","Power",237,1.86903,NA,555,-4306.329,8614.672,0,0.581,0.935
"OC","4","2012","PowerExp",237,1.86916,0,555,-4306.329,8616.699,2.027,0.211,NA
"OC","4","2012","LogNorm",237,-3185.79499,60.63873,555,-4306.339,8616.719,2.047,0.209,NA
"OC","4","2012","Exp",237,0.00066,NA,555,-24837.608,49677.23,41062.557,0,NA
"OC","4","2013","Power",122,1.93291,NA,1140,-7917.724,15837.462,0,0.582,0.159
"OC","4","2013","PowerExp",122,1.93283,0,1140,-7917.724,15839.489,2.027,0.211,NA
"OC","4","2013","LogNorm",122,-3325.46407,59.7593,1140,-7917.745,15839.53,2.068,0.207,NA
"OC","4","2013","Exp",122,0.00073,NA,1140,-31441.067,62884.148,47046.686,0,NA
"OC","4","2014","Power",149,1.89873,NA,1105,-7981.867,15965.745,0,0.581,0.729
"OC","4","2014","PowerExp",149,1.89869,0,1105,-7981.867,15967.769,2.024,0.211,NA
"OC","4","2014","LogNorm",149,-1969.08338,46.90758,1105,-7981.882,15967.799,2.054,0.208,NA
"OC","4","2014","Exp",149,0.00071,NA,1105,-29686.266,59374.544,43408.799,0,NA
"OC","5","2000","Power",105,1.9447,NA,420,-2843.146,5688.315,0,0.59,0.768
"OC","5","2000","LogNorm",105,-5242.81384,74.57481,420,-2843.154,5690.38,2.065,0.21,NA
"OC","5","2000","PowerExp",105,1.929,0,420,-2843.204,5690.481,2.165,0.2,NA
"OC","5","2000","Exp",105,0.00038,NA,420,-8423.866,16849.756,11161.44,0,NA
"OC","5","2001","Power",114,1.89876,NA,440,-3060.46,6122.942,0,0.584,0.49
"OC","5","2001","LogNorm",114,-6534.87281,85.37944,440,-3060.47,6125.007,2.065,0.208,NA
"OC","5","2001","PowerExp",114,1.89249,0,440,-3060.471,6125.01,2.067,0.208,NA
"OC","5","2001","Exp",114,0.00051,NA,440,-9722.037,19446.096,13323.153,0,NA
"OC","5","2002","Power",94,1.979,NA,487,-3207.366,6416.757,0,0.586,0.543
"OC","5","2002","LogNorm",94,-6635.27197,82.40535,487,-3207.377,6418.83,2.074,0.208,NA
"OC","5","2002","PowerExp",94,1.96976,0,487,-3207.388,6418.851,2.094,0.206,NA
"OC","5","2002","Exp",94,0.00043,NA,487,-9397.174,18796.373,12379.616,0,NA
"OC","5","2003","Power",100,1.97573,NA,451,-3001.235,6004.494,0,0.584,0.802
"OC","5","2003","PowerExp",100,1.97873,0,451,-3001.237,6006.548,2.054,0.209,NA
"OC","5","2003","LogNorm",100,-5941.38683,78.11472,451,-3001.244,6006.563,2.069,0.207,NA
"OC","5","2003","Exp",100,0.00054,NA,451,-10584.306,21170.637,15166.143,0,NA
"OC","5","2004","Power",115,2.00785,NA,343,-2308.16,4618.348,0,0.584,0.809
"OC","5","2004","PowerExp",115,2.00743,0,343,-2308.16,4620.403,2.056,0.209,NA
"OC","5","2004","LogNorm",115,-9651.52914,97.93495,343,-2308.167,4620.418,2.07,0.207,NA
"OC","5","2004","Exp",115,0.00062,NA,343,-10816.85,21635.728,17017.38,0,NA
"OC","5","2005","Power",74,1.98714,NA,552,-3494.179,6990.384,0,0.585,0.349
"OC","5","2005","PowerExp",74,1.9896,0,552,-3494.18,6992.443,2.059,0.209,NA
"OC","5","2005","LogNorm",74,-7627.75289,87.97408,552,-3494.19,6992.464,2.079,0.207,NA
"OC","5","2005","Exp",74,0.00054,NA,552,-11320.974,22643.976,15653.591,0,NA
"OC","5","2006","Power",113,1.82482,NA,382,-2724.559,5451.14,0,0.583,0.382
"OC","5","2006","PowerExp",113,1.82498,0,382,-2724.559,5453.187,2.046,0.209,NA
"OC","5","2006","LogNorm",113,-6625.44515,89.70238,382,-2724.567,5453.202,2.062,0.208,NA
"OC","5","2006","Exp",113,0.00047,NA,382,-8989.122,17980.267,12529.127,0,NA
"OC","5","2007","Power",99,1.97678,NA,400,-2656.956,5315.94,0,0.584,0.308
"OC","5","2007","PowerExp",99,1.97704,0,400,-2656.956,5317.995,2.055,0.209,NA
"OC","5","2007","LogNorm",99,-10070.21599,101.62161,400,-2656.966,5318.015,2.075,0.207,NA
"OC","5","2007","Exp",99,0.00043,NA,400,-8776.572,17555.171,12239.231,0,NA
"OC","5","2008","Power",109,1.92812,NA,423,-2894.757,5791.538,0,0.583,0.608
"OC","5","2008","PowerExp",109,1.92791,0,423,-2894.757,5793.587,2.049,0.209,NA
"OC","5","2008","LogNorm",109,-5502.58746,77.07963,423,-2894.766,5793.605,2.067,0.207,NA
"OC","5","2008","Exp",109,0.00053,NA,423,-9666.388,19334.801,13543.263,0,NA
"OC","5","2009","Power",118,1.94342,NA,317,-2183.783,4369.592,0,0.584,0.766
"OC","5","2009","PowerExp",118,1.94322,0,317,-2183.783,4371.647,2.055,0.209,NA
"OC","5","2009","LogNorm",118,-7940.15374,91.81176,317,-2183.79,4371.661,2.069,0.207,NA
"OC","5","2009","Exp",118,0.00071,NA,317,-11868.482,23738.99,19369.398,0,NA
"OC","5","2010","Power",84,2.0844,NA,505,-3167.335,6336.698,0,0.591,0.368
"OC","5","2010","LogNorm",84,-4838.32088,66.84928,505,-3167.346,6338.777,2.078,0.209,NA
"OC","5","2010","PowerExp",84,2.06786,0,505,-3167.394,6338.875,2.176,0.199,NA
"OC","5","2010","Exp",84,0.00035,NA,505,-8658.986,17320,10983.302,0,NA
"OC","5","2011","Power",99,2.05038,NA,318,-2066.367,4134.765,0,0.599,0.774
"OC","5","2011","LogNorm",99,-8125.68007,88.00573,318,-2066.374,4136.843,2.078,0.212,NA
"OC","5","2011","PowerExp",99,2.02165,0,318,-2066.488,4137.071,2.306,0.189,NA
"OC","5","2011","Exp",99,0.00069,NA,318,-11538.112,23078.256,18943.491,0,NA
"OC","5","2012","Power",151,1.87833,NA,226,-1646.533,3295.092,0,0.583,0.857
"OC","5","2012","PowerExp",151,1.87828,0,226,-1646.533,3297.147,2.055,0.209,NA
"OC","5","2012","LogNorm",151,-9904.64716,106.24952,226,-1646.538,3297.158,2.065,0.208,NA
"OC","5","2012","Exp",151,0.00041,NA,226,-7284.48,14570.987,11275.895,0,NA
"OC","5","2013","Power",88,1.95686,NA,481,-3158.496,6319.019,0,0.584,0.141
"OC","5","2013","PowerExp",88,1.95683,0,481,-3158.496,6321.072,2.053,0.209,NA
"OC","5","2013","LogNorm",88,-4411.31007,67.96903,481,-3158.506,6321.091,2.072,0.207,NA
"OC","5","2013","Exp",88,0.00043,NA,481,-9360.251,18722.529,12403.51,0,NA
"OC","5","2014","Power",84,1.97855,NA,684,-4428.504,8859.03,0,0.587,0.353
"OC","5","2014","LogNorm",84,-5767.89638,76.84025,684,-4428.52,8861.106,2.076,0.208,NA
"OC","5","2014","PowerExp",84,1.96965,0,684,-4428.533,8861.132,2.102,0.205,NA
"OC","5","2014","Exp",84,0.0005,NA,684,-11298.736,22599.493,13740.463,0,NA
"OC","6","2000","Power",115,1.86384,NA,975,-6872.695,13747.403,0,0.527,0.334
"OC","6","2000","LogNorm",115,-30.57324,6.59492,975,-6872.307,13748.656,1.253,0.282,NA
"OC","6","2000","PowerExp",115,1.86398,0,975,-6872.694,13749.429,2.026,0.191,NA
"OC","6","2000","Exp",115,0.00071,NA,975,-10734.979,21471.972,7724.569,0,NA
"OC","6","2001","Power",187,1.91089,NA,720,-5344.035,10690.084,0,0.581,0.794
"OC","6","2001","PowerExp",187,1.91077,0,720,-5344.035,10692.111,2.027,0.211,NA
"OC","6","2001","LogNorm",187,-1566.20841,41.57201,720,-5344.045,10692.129,2.045,0.209,NA
"OC","6","2001","Exp",187,0.00058,NA,720,-8511.206,17024.426,6334.341,0,NA
"OC","6","2002","Power",182,1.8894,NA,653,-4861.956,9725.926,0,0.58,0.845
"OC","6","2002","PowerExp",182,1.88947,0,653,-4861.956,9727.955,2.028,0.21,NA
"OC","6","2002","LogNorm",182,-1095.67621,35.22253,653,-4861.962,9727.967,2.04,0.209,NA
"OC","6","2002","Exp",182,0.00071,NA,653,-8517.048,17036.111,7310.185,0,NA
"OC","6","2003","Power",268,1.89686,NA,582,-4548.238,9098.489,0,0.58,0.999
"OC","6","2003","PowerExp",268,1.89451,0,582,-4548.24,9100.519,2.03,0.21,NA
"OC","6","2003","LogNorm",268,-978.38982,33.16875,582,-4548.242,9100.523,2.034,0.21,NA
"OC","6","2003","Exp",268,0.00081,NA,582,-8775.949,17553.91,8455.421,0,NA
"OC","6","2004","Power",467,1.91312,NA,306,-2549.701,5101.415,0,0.58,0.999
"OC","6","2004","PowerExp",467,1.91306,0,306,-2549.701,5103.443,2.028,0.21,NA
"OC","6","2004","LogNorm",467,-2654.47377,54.03151,306,-2549.705,5103.453,2.037,0.209,NA
"OC","6","2004","Exp",467,0.00039,NA,306,-4685.981,9373.976,4272.561,0,NA
"OC","6","2005","Power",279,1.95776,NA,590,-4553.9,9109.813,0,0.581,0.89
"OC","6","2005","PowerExp",279,1.95798,0,590,-4553.9,9111.838,2.026,0.211,NA
"OC","6","2005","LogNorm",279,-2446.19572,50.64358,590,-4553.911,9111.859,2.047,0.209,NA
"OC","6","2005","Exp",279,0.00091,NA,590,-9795.696,19593.405,10483.593,0,NA
"OC","6","2006","Power",472,1.91812,NA,293,-2441.158,4884.331,0,0.589,0.997
"OC","6","2006","LogNorm",472,-2287.56455,50.02775,293,-2441.163,4886.368,2.037,0.213,NA
"OC","6","2006","PowerExp",472,1.89727,0,293,-2441.235,4886.512,2.181,0.198,NA
"OC","6","2006","Exp",472,0.00042,NA,293,-4714.402,9430.818,4546.488,0,NA
"OC","6","2007","Power",200,1.86289,NA,535,-4068.499,8139.012,0,0.581,0.833
"OC","6","2007","PowerExp",200,1.86278,0,535,-4068.498,8141.04,2.029,0.211,NA
"OC","6","2007","LogNorm",200,-1846.54728,46.36278,535,-4068.506,8141.057,2.045,0.209,NA
"OC","6","2007","Exp",200,0.00053,NA,535,-6761.988,13525.991,5386.979,0,NA
"OC","6","2008","Power",122,1.92909,NA,1058,-7357.222,14716.459,0,0.58,0.584
"OC","6","2008","PowerExp",122,1.92925,0,1058,-7357.222,14718.486,2.027,0.211,NA
"OC","6","2008","LogNorm",122,-716.59437,27.91135,1058,-7357.228,14718.497,2.038,0.209,NA
"OC","6","2008","Exp",122,0.00064,NA,1058,-11590.3,23182.614,8466.156,0,NA
"OC","6","2009","Power",175,1.86516,NA,699,-5218.367,10438.748,0,0.605,0.918
"OC","6","2009","LogNorm",175,-63.97392,9.08556,699,-5218.285,10440.61,1.862,0.238,NA
"OC","6","2009","PowerExp",175,1.83854,0,699,-5218.704,10441.449,2.701,0.157,NA
"OC","6","2009","Exp",175,0.00053,NA,699,-8611.171,17224.355,6785.607,0,NA
"OC","6","2010","Power",175,1.89815,NA,716,-5288.099,10578.212,0,0.581,0.942
"OC","6","2010","PowerExp",175,1.89872,0,716,-5288.099,10580.24,2.028,0.211,NA
"OC","6","2010","LogNorm",175,-1440.18692,40.15257,716,-5288.109,10580.259,2.047,0.209,NA
"OC","6","2010","Exp",175,0.00086,NA,716,-10457.146,20916.305,10338.093,0,NA
"OC","6","2011","Power",116,1.90991,NA,1073,-7454.129,14910.272,0,0.581,0.498
"OC","6","2011","PowerExp",116,1.91027,0,1073,-7454.129,14912.3,2.028,0.211,NA
"OC","6","2011","LogNorm",116,-1918.2339,45.99236,1073,-7454.144,14912.329,2.058,0.208,NA
"OC","6","2011","Exp",116,0.00064,NA,1073,-11765.101,23532.216,8621.944,0,NA
"OC","6","2012","Power",126,1.85997,NA,904,-6463.58,12929.173,0,0.537,0.44
"OC","6","2012","LogNorm",126,-33.21028,6.84677,904,-6463.261,12930.564,1.391,0.268,NA
"OC","6","2012","PowerExp",126,1.85991,0,904,-6463.579,12931.2,2.027,0.195,NA
"OC","6","2012","Exp",126,0.00071,NA,904,-10842.94,21687.894,8758.721,0,NA
"OC","6","2013","Power",211,1.86895,NA,596,-4555.318,9112.65,0,0.581,0.973
"OC","6","2013","PowerExp",211,1.86695,0,596,-4555.32,9114.68,2.03,0.21,NA
"OC","6","2013","LogNorm",211,-1832.08129,46.02574,596,-4555.326,9114.692,2.043,0.209,NA
"OC","6","2013","Exp",211,0.00087,NA,596,-9552.569,19107.152,9994.502,0,NA
"OC","6","2014","Power",152,1.84706,NA,792,-5837.368,11676.748,0,0.571,0.687
"OC","6","2014","LogNorm",152,-79.97355,10.15393,792,-5837.301,11678.641,1.893,0.222,NA
"OC","6","2014","PowerExp",152,1.84687,0,792,-5837.367,11678.772,2.024,0.208,NA
"OC","6","2014","Exp",152,0.00065,NA,792,-9867.811,19737.636,8060.887,0,NA
"OC","7","2000","Power",376,1.74029,NA,313,-2685.888,5373.79,0,0.566,0.992
"OC","7","2000","PowerExp",376,1.73495,0,313,-2685.778,5375.598,1.808,0.229,NA
"OC","7","2000","LogNorm",376,-2838.98445,62.0391,313,-2685.893,5375.827,2.038,0.204,NA
"OC","7","2000","Exp",376,0.00051,NA,313,-4649.643,9301.299,3927.51,0,NA
"OC","7","2001","Power",471,1.78222,NA,297,-2577.634,5157.281,0,0.57,0.992
"OC","7","2001","PowerExp",471,1.77739,0,297,-2577.559,5159.157,1.875,0.223,NA
"OC","7","2001","LogNorm",471,-2201.15322,53.15292,297,-2577.639,5159.316,2.035,0.206,NA
"OC","7","2001","Exp",471,0.0007,NA,297,-4908.078,9818.17,4660.888,0,NA
"OC","7","2002","Power",154,1.84315,NA,730,-5397.314,10796.641,0,0.58,0.817
"OC","7","2002","PowerExp",154,1.84302,0,730,-5397.309,10798.66,2.019,0.211,NA
"OC","7","2002","LogNorm",154,-1618.06921,43.92273,730,-5397.322,10798.686,2.045,0.209,NA
"OC","7","2002","Exp",154,0.00063,NA,730,-8194.389,16390.791,5594.15,0,NA
"OC","7","2003","Power",150,1.85398,NA,722,-5299.091,10600.196,0,0.58,0.733
"OC","7","2003","PowerExp",150,1.85542,0,722,-5299.088,10602.218,2.021,0.211,NA
"OC","7","2003","LogNorm",150,-2197.03234,50.81466,722,-5299.101,10602.243,2.047,0.209,NA
"OC","7","2003","Exp",150,0.0007,NA,722,-7910.699,15823.412,5223.216,0,NA
"OC","7","2004","Power",164,1.82231,NA,674,-5062.812,10127.638,0,0.58,0.952
"OC","7","2004","PowerExp",164,1.82157,0,674,-5062.803,10129.648,2.01,0.212,NA
"OC","7","2004","LogNorm",164,-2396.68995,54.09008,674,-5062.821,10129.685,2.047,0.208,NA
"OC","7","2004","Exp",164,0.00082,NA,674,-8598.794,17199.602,7071.964,0,NA
"OC","7","2005","Power",100,1.8368,NA,939,-6552.685,13107.385,0,0.612,0.233
"OC","7","2005","LogNorm",100,-772.86018,30.53224,939,-6552.69,13109.422,2.037,0.221,NA
"OC","7","2005","PowerExp",100,1.81593,0,939,-6552.97,13109.983,2.598,0.167,NA
"OC","7","2005","Exp",100,0.00055,NA,939,-9365.542,18733.099,5625.714,0,NA
"OC","7","2006","Power",165,1.84592,NA,782,-5830.143,11662.299,0,0.578,0.825
"OC","7","2006","PowerExp",165,1.84471,0,782,-5830.115,11664.271,1.972,0.216,NA
"OC","7","2006","LogNorm",165,-3448.15413,63.93249,782,-5830.157,11664.353,2.054,0.207,NA
"OC","7","2006","Exp",165,0.00054,NA,782,-7722.637,15447.287,3784.988,0,NA
"OC","7","2007","Power",260,1.83198,NA,481,-3822.304,7646.622,0,0.579,0.998
"OC","7","2007","PowerExp",260,1.83178,0,481,-3822.296,7648.633,2.011,0.212,NA
"OC","7","2007","LogNorm",260,-1908.6538,48.00298,481,-3822.311,7648.663,2.041,0.209,NA
"OC","7","2007","Exp",260,0.00051,NA,481,-5913.593,11829.2,4182.578,0,NA
"OC","7","2008","Power",252,1.8244,NA,556,-4412.156,8826.324,0,0.573,0.983
"OC","7","2008","PowerExp",252,1.82212,0,556,-4412.098,8828.233,1.908,0.221,NA
"OC","7","2008","LogNorm",252,-2302.65053,52.94071,556,-4412.164,8828.365,2.041,0.207,NA
"OC","7","2008","Exp",252,0.00051,NA,556,-5985.569,11973.15,3146.826,0,NA
"OC","7","2009","Power",157,1.79987,NA,710,-5346.126,10694.265,0,0.576,0.834
"OC","7","2009","PowerExp",157,1.79849,0,710,-5346.086,10696.211,1.946,0.218,NA
"OC","7","2009","LogNorm",157,-2729.21274,58.51317,710,-5346.138,10696.315,2.05,0.207,NA
"OC","7","2009","Exp",157,0.00053,NA,710,-7538.212,15078.438,4384.173,0,NA
"OC","7","2010","Power",84,1.91655,NA,1089,-7197.217,14396.449,0,0.583,0.1
"OC","7","2010","PowerExp",84,1.9167,0,1089,-7197.217,14398.482,2.032,0.211,NA
"OC","7","2010","LogNorm",84,-5016.5271,74.03935,1089,-7197.238,14398.524,2.075,0.206,NA
"OC","7","2010","Exp",84,0.00057,NA,1089,-11557.156,23116.328,8719.879,0,NA
"OC","7","2011","Power",125,1.80098,NA,639,-4663.867,9329.75,0,0.581,0.644
"OC","7","2011","PowerExp",125,1.80071,0,639,-4663.862,9331.772,2.022,0.211,NA
"OC","7","2011","LogNorm",125,-2736.51805,58.53062,639,-4663.877,9331.802,2.052,0.208,NA
"OC","7","2011","Exp",125,0.00063,NA,639,-7863.161,15728.338,6398.588,0,NA
"OC","7","2012","Power",94,1.82797,NA,972,-6745.538,13493.09,0,0.581,0.45
"OC","7","2012","PowerExp",94,1.82787,0,972,-6745.53,13495.105,2.015,0.212,NA
"OC","7","2012","LogNorm",94,-2078.41797,50.19977,972,-6745.552,13495.148,2.057,0.208,NA
"OC","7","2012","Exp",94,0.00051,NA,972,-9476.351,18954.716,5461.626,0,NA
"OC","7","2013","Power",125,1.78816,NA,689,-5053.91,10109.835,0,0.58,0.386
"OC","7","2013","PowerExp",125,1.78675,0,689,-5053.898,10111.842,2.007,0.213,NA
"OC","7","2013","LogNorm",125,-4615.14568,76.60703,689,-5053.924,10111.893,2.058,0.207,NA
"OC","7","2013","Exp",125,0.00097,NA,689,-9622.351,19246.718,9136.883,0,NA
"OC","7","2014","Power",121,1.937,NA,903,-6256.064,12514.144,0,0.582,0.504
"OC","7","2014","PowerExp",121,1.93731,0,903,-6256.064,12516.176,2.032,0.211,NA
"OC","7","2014","LogNorm",121,-4862.69513,72.11433,903,-6256.082,12516.211,2.066,0.207,NA
"OC","7","2014","Exp",121,0.00058,NA,903,-9126.13,18254.275,5740.131,0,NA
"OC","8","2000","Power",179,1.92224,NA,453,-3330.752,6663.521,0,0.581,0.87
"OC","8","2000","PowerExp",179,1.92248,0,453,-3330.752,6665.556,2.035,0.21,NA
"OC","8","2000","LogNorm",179,-4124.45947,66.94212,453,-3330.76,6665.574,2.052,0.208,NA
"OC","8","2000","Exp",179,0.00086,NA,453,-9257.891,18517.8,11854.279,0,NA
"OC","8","2001","Power",154,1.91866,NA,723,-5213.08,10428.174,0,0.582,0.837
"OC","8","2001","PowerExp",154,1.91873,0,723,-5213.08,10430.205,2.031,0.211,NA
"OC","8","2001","LogNorm",154,-3164.78344,58.79029,723,-5213.094,10430.233,2.059,0.208,NA
"OC","8","2001","Exp",154,0.00051,NA,723,-8792.056,17586.127,7157.953,0,NA
"OC","8","2002","Power",193,1.93266,NA,612,-4531.616,9065.247,0,0.582,0.736
"OC","8","2002","PowerExp",193,1.93605,0,612,-4531.62,9067.285,2.038,0.21,NA
"OC","8","2002","LogNorm",193,-3506.79623,61.40496,612,-4531.626,9067.298,2.051,0.209,NA
"OC","8","2002","Exp",193,0.00081,NA,612,-9273.04,18548.095,9482.848,0,NA
"OC","8","2003","Power",131,2.00334,NA,531,-3647.188,7296.398,0,0.583,0.657
"OC","8","2003","PowerExp",131,2.00292,0,531,-3647.188,7298.44,2.043,0.21,NA
"OC","8","2003","LogNorm",131,-7078.96035,84.06139,531,-3647.199,7298.462,2.065,0.208,NA
"OC","8","2003","Exp",131,0.00071,NA,531,-9089.431,18180.884,10884.486,0,NA
"OC","8","2004","Power",100,1.87225,NA,1115,-7680.455,15362.923,0,0.581,0.426
"OC","8","2004","PowerExp",100,1.87225,0,1115,-7680.455,15364.949,2.027,0.211,NA
"OC","8","2004","LogNorm",100,-1672.98149,43.88731,1115,-7680.468,15364.976,2.053,0.208,NA
"OC","8","2004","Exp",100,0.00076,NA,1115,-12833.956,25669.925,10307.002,0,NA
"OC","8","2005","Power",110,1.91033,NA,609,-4197.79,8397.599,0,0.582,0.643
"OC","8","2005","PowerExp",110,1.91009,0,609,-4197.79,8399.637,2.038,0.21,NA
"OC","8","2005","LogNorm",110,-5130.19333,75.11675,609,-4197.802,8399.662,2.063,0.208,NA
"OC","8","2005","Exp",110,0.00057,NA,609,-8778.637,17559.293,9161.693,0,NA
"OC","8","2006","Power",108,1.96939,NA,274,-1848.073,3698.177,0,0.584,0.506
"OC","8","2006","PowerExp",108,1.96846,0,274,-1848.074,3700.238,2.061,0.208,NA
"OC","8","2006","LogNorm",108,-7486.80593,87.92874,274,-1848.079,3700.249,2.073,0.207,NA
"OC","8","2006","Exp",108,0.00063,NA,274,-7465.467,14932.965,11234.788,0,NA
"OC","8","2007","Power",110,1.92332,NA,738,-5065.127,10132.271,0,0.582,0.666
"OC","8","2007","PowerExp",110,1.92224,0,738,-5065.127,10134.307,2.036,0.21,NA
"OC","8","2007","LogNorm",110,-2629.2761,53.42838,738,-5065.14,10134.332,2.061,0.208,NA
"OC","8","2007","Exp",110,0.00052,NA,738,-9264.057,18530.132,8397.861,0,NA
"OC","8","2008","Power",109,2.00489,NA,326,-2178.203,4358.434,0,0.584,0.525
"OC","8","2008","PowerExp",109,2.00504,0,326,-2178.203,4360.491,2.057,0.209,NA
"OC","8","2008","LogNorm",109,-8580.37766,92.45949,326,-2178.21,4360.506,2.072,0.207,NA
"OC","8","2008","Exp",109,0.00063,NA,326,-7508.449,15018.925,10660.491,0,NA
"OC","8","2009","Power",133,2.05544,NA,581,-3941.424,7884.868,0,0.583,0.448
"OC","8","2009","PowerExp",133,2.05582,0,581,-3941.424,7886.91,2.041,0.21,NA
"OC","8","2009","LogNorm",133,-4843.00272,67.80597,581,-3941.437,7886.935,2.066,0.207,NA
"OC","8","2009","Exp",133,0.00063,NA,581,-8909.827,17821.674,9936.805,0,NA
"OC","8","2010","Power",162,1.90197,NA,534,-3897.91,7797.837,0,0.582,0.602
"OC","8","2010","PowerExp",162,1.90218,0,534,-3897.91,7799.872,2.035,0.21,NA
"OC","8","2010","LogNorm",162,-4382.82924,69.79045,534,-3897.92,7799.893,2.056,0.208,NA
"OC","8","2010","Exp",162,0.0006,NA,534,-7889.417,15780.851,7983.014,0,NA
"OC","8","2011","Power",210,1.92333,NA,171,-1284.196,2570.419,0,0.584,0.694
"OC","8","2011","PowerExp",210,1.92342,0,171,-1284.196,2572.476,2.057,0.209,NA
"OC","8","2011","LogNorm",210,-10039.54763,104.37122,171,-1284.2,2572.484,2.065,0.208,NA
"OC","8","2011","Exp",210,0.00058,NA,171,-6110.33,12222.688,9652.269,0,NA
"OC","8","2012","Power",105,1.97767,NA,756,-5064.742,10131.502,0,0.583,0.394
"OC","8","2012","PowerExp",105,1.97874,0,756,-5064.742,10133.542,2.039,0.21,NA
"OC","8","2012","LogNorm",105,-5454.58812,74.76669,756,-5064.755,10133.568,2.066,0.207,NA
"OC","8","2012","Exp",105,0.00052,NA,756,-9495.23,18992.479,8860.976,0,NA
"OC","8","2013","Power",103,1.98439,NA,183,-1219.937,2441.915,0,0.587,0.535
"OC","8","2013","PowerExp",103,1.98442,0,183,-1219.937,2443.996,2.081,0.207,NA
"OC","8","2013","LogNorm",103,-12569.2745,113.05175,183,-1219.942,2444.006,2.091,0.206,NA
"OC","8","2013","Exp",103,0.00058,NA,183,-6592.259,13186.557,10744.643,0,NA
"OC","8","2014","Power",78,1.98267,NA,979,-6257.605,12517.229,0,0.583,0.088
"OC","8","2014","PowerExp",78,1.98261,0,979,-6257.605,12519.268,2.039,0.21,NA
"OC","8","2014","LogNorm",78,-4611.54265,68.56957,979,-6257.624,12519.307,2.078,0.206,NA
"OC","8","2014","Exp",78,0.00051,NA,979,-11143.671,22289.36,9772.131,0,NA
"SAST","1","2000","Power",568,1.98664,NA,19973,-167156.301,334314.604,0,0.582,0.071
"SAST","1","2000","PowerExp",568,1.98636,0,19973,-167156.302,334316.609,2.005,0.214,NA
"SAST","1","2000","LogNorm",568,-553.17908,23.85814,19973,-167156.349,334316.703,2.099,0.204,NA
"SAST","1","2000","Exp",568,0.00074,NA,19973,-730677.935,1461357.871,1127043.267,0,NA
"SAST","1","2001","Power",460,1.98705,NA,24033,-196046.507,392095.016,0,0.573,0.007
"SAST","1","2001","LogNorm",460,-375.9826,19.72907,24033,-196046.48,392096.964,1.948,0.216,NA
"SAST","1","2001","PowerExp",460,1.98708,0,24033,-196046.507,392097.019,2.003,0.211,NA
"SAST","1","2001","Exp",460,0.00084,NA,24033,-816756.042,1633514.085,1241419.07,0,NA
"SAST","1","2002","Power",551,1.97944,NA,21801,-182114.865,364231.731,0,0.642,0.067
"SAST","1","2002","LogNorm",551,-716.7207,27.2109,21801,-182114.997,364233.999,2.268,0.206,NA
"SAST","1","2002","PowerExp",551,1.97323,0,21801,-182115.304,364234.613,2.882,0.152,NA
"SAST","1","2002","Exp",551,0.00068,NA,21801,-700850.369,1401702.739,1037471.008,0,NA
"SAST","1","2003","Power",454,1.9891,NA,24375,-198414.39,396830.781,0,0.594,0.085
"SAST","1","2003","PowerExp",454,1.98876,0,24375,-198414.392,396832.788,2.007,0.218,NA
"SAST","1","2003","LogNorm",454,-726.91894,27.26295,24375,-198414.537,396833.078,2.297,0.188,NA
"SAST","1","2003","Exp",454,0.00085,NA,24375,-838044.371,1676090.743,1279259.961,0,NA
"SAST","1","2004","Power",555,2.00241,NA,19701,-163797.301,327596.603,0,0.6,0.274
"SAST","1","2004","PowerExp",555,2.00233,0,19701,-163797.301,327598.606,2.003,0.22,NA
"SAST","1","2004","LogNorm",555,-938.36803,30.73985,19701,-163797.506,327599.016,2.413,0.18,NA
"SAST","1","2004","Exp",555,0.00075,NA,19701,-730252.861,1460507.723,1132911.12,0,NA
"SAST","1","2005","Power",530,1.98522,NA,21694,-180120.259,360242.52,0,0.567,0.053
"SAST","1","2005","LogNorm",530,-279.20973,17.08248,21694,-180120.18,360244.364,1.844,0.225,NA
"SAST","1","2005","PowerExp",530,1.98509,0,21694,-180120.26,360244.524,2.004,0.208,NA
"SAST","1","2005","Exp",530,0.00067,NA,21694,-683174.38,1366350.762,1006108.242,0,NA
"SAST","1","2006","Power",563,2.00231,NA,19700,-164074.944,328151.889,0,0.592,0.035
"SAST","1","2006","PowerExp",563,2.00246,0,19700,-164074.944,328153.893,2.004,0.217,NA
"SAST","1","2006","LogNorm",563,-798.99256,28.38868,19700,-164075.073,328154.151,2.262,0.191,NA
"SAST","1","2006","Exp",563,0.00075,NA,19700,-730937.411,1461876.823,1133724.934,0,NA
"SAST","1","2007","Power",443,1.98998,NA,23635,-191768.621,383539.244,0,0.737,0.072
"SAST","1","2007","LogNorm",443,-669.99441,26.17448,23635,-191768.74,383541.485,2.241,0.241,NA
"SAST","1","2007","PowerExp",443,1.97563,0,23635,-191771.13,383546.265,7.02,0.022,NA
"SAST","1","2007","Exp",443,0.00086,NA,23635,-832052.593,1664107.187,1280567.943,0,NA
"SAST","1","2008","Power",465,1.99405,NA,24530,-200017.356,400036.713,0,0.596,0.038
"SAST","1","2008","PowerExp",465,1.99443,0,24530,-200017.357,400038.72,2.007,0.219,NA
"SAST","1","2008","LogNorm",465,-732.42709,27.30125,24530,-200017.524,400039.052,2.339,0.185,NA
"SAST","1","2008","Exp",465,0.00083,NA,24530,-820796.121,1641594.244,1241557.531,0,NA
"SAST","1","2009","Power",595,1.99648,NA,18975,-159307.067,318616.136,0,0.594,0.109
"SAST","1","2009","LogNorm",595,-604.56217,24.80314,18975,-159307.136,318618.277,2.141,0.204,NA
"SAST","1","2009","PowerExp",595,1.99369,0,18975,-159307.142,318618.288,2.152,0.202,NA
"SAST","1","2009","Exp",595,0.00077,NA,18975,-733115.555,1466233.113,1147616.976,0,NA
"SAST","1","2010","LogNorm",423,-102.50271,10.62821,29596,-239437.148,478878.3,0,0.462,NA
"SAST","1","2010","Power",423,1.97891,NA,29596,-239438.31,478878.621,0.321,0.393,0.003
"SAST","1","2010","PowerExp",423,1.97901,0,29596,-239438.31,478880.625,2.324,0.145,NA
"SAST","1","2010","Exp",423,0.001,NA,29596,-990641.603,1981285.208,1502406.908,0,NA
"SAST","1","2011","Power",568,1.98908,NA,20647,-172694.553,345391.107,0,0.589,0.046
"SAST","1","2011","PowerExp",568,1.98913,0,20647,-172694.553,345393.11,2.003,0.216,NA
"SAST","1","2011","LogNorm",568,-733.69405,27.39406,20647,-172694.657,345393.318,2.211,0.195,NA
"SAST","1","2011","Exp",568,0.00071,NA,20647,-713797.713,1427597.427,1082206.32,0,NA
"SAST","1","2012","Power",514,2.00863,NA,22784,-187400.014,374802.03,0,0.597,0.028
"SAST","1","2012","PowerExp",514,2.00972,0,22784,-187400.028,374804.06,2.03,0.216,NA
"SAST","1","2012","LogNorm",514,-713.98948,26.76055,22784,-187400.172,374804.349,2.319,0.187,NA
"SAST","1","2012","Exp",514,0.00063,NA,22784,-649554.18,1299110.361,924308.331,0,NA
"SAST","1","2013","Power",584,2.0189,NA,20012,-166752.368,333506.738,0,0.588,0.087
"SAST","1","2013","PowerExp",584,2.01814,0,20012,-166752.374,333508.753,2.015,0.215,NA
"SAST","1","2013","LogNorm",584,-649.92213,25.42067,20012,-166752.461,333508.927,2.189,0.197,NA
"SAST","1","2013","Exp",584,0.00073,NA,20012,-708575.663,1417153.328,1083646.589,0,NA
"SAST","1","2014","Power",487,1.97915,NA,22292,-183477.369,366956.739,0,0.609,0.052
"SAST","1","2014","LogNorm",487,-130.41933,11.89954,22292,-183476.811,366957.626,0.887,0.391,NA
"SAST","1","2014","PowerExp",487,1.95322,0,22292,-183485.324,366974.653,17.914,0,NA
"SAST","1","2014","Exp",487,0.0009,NA,22292,-824159.846,1648321.693,1281364.954,0,NA
"SAST","2","2000","Power",381,1.7958,NA,494,-4163.332,8328.674,0,0.53,0.857
"SAST","2","2000","PowerExp",381,1.78408,0,494,-4162.972,8329.977,1.303,0.276,NA
"SAST","2","2000","LogNorm",381,-203.67252,16.32455,494,-4163.324,8330.681,2.007,0.194,NA
"SAST","2","2000","Exp",381,0.00095,NA,494,-6677.434,13356.879,5028.205,0,NA
"SAST","2","2001","Power",100,1.74192,NA,1235,-8955.661,17913.332,0,0.457,0.435
"SAST","2","2001","PowerExp",100,1.73462,0,1235,-8955.015,17914.064,0.731,0.317,NA
"SAST","2","2001","LogNorm",100,-49.46441,8.74273,1235,-8955.358,17914.749,1.417,0.225,NA
"SAST","2","2001","Exp",100,0.00052,NA,1235,-11400.262,22802.534,4889.202,0,NA
"SAST","2","2002","Power",143,1.79584,NA,994,-7403.035,14808.082,0,0.559,0.845
"SAST","2","2002","PowerExp",143,1.79242,0,994,-7402.872,14809.779,1.697,0.239,NA
"SAST","2","2002","LogNorm",143,-1288.57169,40.36802,994,-7403.046,14810.127,2.045,0.201,NA
"SAST","2","2002","Exp",143,0.00073,NA,994,-10120.822,20243.655,5435.573,0,NA
"SAST","2","2003","Power",138,1.77152,NA,1021,-7639.913,15281.838,0,0.507,0.677
"SAST","2","2003","PowerExp",138,1.76325,0,1021,-7639.401,15282.835,0.997,0.308,NA
"SAST","2","2003","LogNorm",138,-599.64837,28.05593,1021,-7639.913,15283.86,2.022,0.185,NA
"SAST","2","2003","Exp",138,0.00059,NA,1021,-9648.862,19299.734,4017.897,0,NA
"SAST","2","2004","Power",252,1.84379,NA,617,-4864.687,9731.386,0,0.56,0.831
"SAST","2","2004","PowerExp",252,1.83853,0,617,-4864.534,9733.105,1.719,0.237,NA
"SAST","2","2004","LogNorm",252,-1021.85998,34.93745,617,-4864.692,9733.419,2.033,0.203,NA
"SAST","2","2004","Exp",252,0.00055,NA,617,-6088.281,12178.574,2447.188,0,NA
"SAST","2","2005","Power",123,1.76074,NA,1065,-7881.156,15764.323,0,0.526,0.39
"SAST","2","2005","PowerExp",123,1.75501,0,1065,-7880.766,15765.567,1.243,0.282,NA
"SAST","2","2005","LogNorm",123,-528.51562,26.54464,1065,-7881.155,15766.344,2.021,0.192,NA
"SAST","2","2005","Exp",123,0.00066,NA,1065,-10424.723,20851.458,5087.134,0,NA
"SAST","2","2006","Power",173,1.80425,NA,651,-4957.057,9916.127,0,0.579,0.647
"SAST","2","2006","PowerExp",173,1.80404,0,651,-4957.044,9918.128,2.001,0.213,NA
"SAST","2","2006","LogNorm",173,-3258.67261,63.75722,651,-4957.068,9918.177,2.05,0.208,NA
"SAST","2","2006","Exp",173,0.00069,NA,651,-8359.552,16721.117,6804.99,0,NA
"SAST","2","2007","Power",116,1.76474,NA,1048,-7681.247,15364.505,0,0.56,0.507
"SAST","2","2007","PowerExp",116,1.76182,0,1048,-7681.084,15366.205,1.699,0.239,NA
"SAST","2","2007","LogNorm",116,-2668.81004,59.1797,1048,-7681.262,15366.561,2.055,0.2,NA
"SAST","2","2007","Exp",116,0.00056,NA,1048,-10514.998,21032.009,5667.504,0,NA
"SAST","2","2008","Power",116,1.82169,NA,1023,-7331.816,14665.644,0,0.579,0.429
"SAST","2","2008","PowerExp",116,1.82112,0,1023,-7331.798,14667.635,1.991,0.214,NA
"SAST","2","2008","LogNorm",116,-1904.57893,48.2385,1023,-7331.828,14667.694,2.05,0.208,NA
"SAST","2","2008","Exp",116,0.00058,NA,1023,-10377.441,20756.895,6091.251,0,NA
"SAST","2","2009","Power",247,1.78026,NA,496,-3987.409,7976.831,0,0.575,0.81
"SAST","2","2009","PowerExp",247,1.77868,0,496,-3987.371,7978.78,1.949,0.217,NA
"SAST","2","2009","LogNorm",247,-3288.35922,64.99597,496,-3987.416,7978.871,2.04,0.207,NA
"SAST","2","2009","Exp",247,0.00086,NA,496,-7835.508,15673.029,7696.198,0,NA
"SAST","2","2010","Power",451,1.69441,NA,287,-2558.961,5119.935,0,0.527,0.98
"SAST","2","2010","PowerExp",451,1.67984,0,287,-2558.575,5121.19,1.255,0.281,NA
"SAST","2","2010","LogNorm",451,-200.72095,17.37778,287,-2558.955,5121.949,2.014,0.192,NA
"SAST","2","2010","Exp",451,0.0009,NA,287,-6051.551,12105.115,6985.18,0,NA
"SAST","2","2011","Power",158,1.79715,NA,801,-6042.576,12087.165,0,0.572,0.817
"SAST","2","2011","PowerExp",158,1.79514,0,801,-6042.503,12089.045,1.88,0.223,NA
"SAST","2","2011","LogNorm",158,-3084.92767,62.31704,801,-6042.589,12089.217,2.052,0.205,NA
"SAST","2","2011","Exp",158,0.0007,NA,801,-8745.352,17492.717,5405.551,0,NA
"SAST","2","2012","Power",210,1.7259,NA,686,-5518.905,11039.822,0,0.46,0.969
"SAST","2","2012","PowerExp",210,1.7123,0,686,-5518.122,11040.277,0.455,0.366,NA
"SAST","2","2012","LogNorm",210,-112.81473,12.9051,686,-5518.864,11041.762,1.94,0.174,NA
"SAST","2","2012","Exp",210,0.00062,NA,686,-7551.652,15105.315,4065.493,0,NA
"SAST","2","2013","Power",110,1.86804,NA,732,-5119.616,10241.249,0,0.582,0.632
"SAST","2","2013","PowerExp",110,1.86773,0,732,-5119.616,10243.284,2.035,0.211,NA
"SAST","2","2013","LogNorm",110,-4577.95435,72.71528,732,-5119.632,10243.316,2.066,0.207,NA
"SAST","2","2013","Exp",110,0.00053,NA,732,-8825.574,17653.166,7411.916,0,NA
"SAST","2","2014","Power",94,1.77964,NA,1009,-7138.523,14279.061,0,0.578,0.235
"SAST","2","2014","PowerExp",94,1.77921,0,1009,-7138.495,14281.032,1.971,0.216,NA
"SAST","2","2014","LogNorm",94,-3801.30749,69.90778,1009,-7138.543,14281.127,2.066,0.206,NA
"SAST","2","2014","Exp",94,0.0007,NA,1009,-11087.706,22177.426,7898.365,0,NA
"SAT","1","2000","Power",310,1.85348,NA,1348,-10873.883,21749.772,0,0.541,0.45
"SAT","1","2000","LogNorm",310,-46.46577,7.99099,1348,-10873.614,21751.249,1.477,0.259,NA
"SAT","1","2000","PowerExp",310,1.85317,0,1348,-10873.871,21751.764,1.991,0.2,NA
"SAT","1","2000","Exp",310,0.00086,NA,1348,-21454.299,42910.606,21160.833,0,NA
"SAT","1","2001","Power",283,1.83987,NA,1455,-11655.462,23312.931,0,0.578,0.967
"SAT","1","2001","PowerExp",283,1.83948,0,1455,-11655.448,23314.918,1.986,0.214,NA
"SAT","1","2001","LogNorm",283,-1508.57764,42.51343,1455,-11655.479,23314.979,2.048,0.208,NA
"SAT","1","2001","Exp",283,0.00091,NA,1455,-24116.857,48235.72,24922.789,0,NA
"SAT","1","2002","Power",200,1.79169,NA,1756,-13688.055,27378.117,0,0.55,0.507
"SAT","1","2002","LogNorm",200,-80.21485,10.54336,1756,-13687.89,27379.802,1.685,0.237,NA
"SAT","1","2002","PowerExp",200,1.79067,0,1756,-13687.997,27380.015,1.898,0.213,NA
"SAT","1","2002","Exp",200,0.0005,NA,1756,-21566.43,43134.866,15756.749,0,NA
"SAT","1","2003","Power",211,1.80364,NA,1422,-11112.643,22227.294,0,0.579,0.807
"SAT","1","2003","PowerExp",211,1.80332,0,1422,-11112.632,22229.288,1.994,0.214,NA
"SAT","1","2003","LogNorm",211,-2516.4957,56.0633,1422,-11112.664,22229.352,2.057,0.207,NA
"SAT","1","2003","Exp",211,0.00061,NA,1422,-21485.383,42972.773,20745.479,0,NA
"SAT","1","2004","Power",105,1.79023,NA,2340,-16742.33,33486.668,0,0.58,0.054
"SAT","1","2004","PowerExp",105,1.79116,0,2340,-16742.318,33488.66,1.992,0.214,NA
"SAT","1","2004","LogNorm",105,-2258.52771,53.55726,2340,-16742.362,33488.748,2.08,0.205,NA
"SAT","1","2004","Exp",105,0.00067,NA,2340,-29841.723,59685.454,26198.786,0,NA
"SAT","1","2005","Power",179,1.7945,NA,1663,-12765.32,25532.648,0,0.578,0.666
"SAT","1","2005","PowerExp",179,1.79411,0,1663,-12765.303,25534.629,1.981,0.215,NA
"SAT","1","2005","LogNorm",179,-1428.07181,42.51858,1663,-12765.336,25534.696,2.049,0.207,NA
"SAT","1","2005","Exp",179,0.00098,NA,1663,-29867.323,59736.653,34204.006,0,NA
"SAT","1","2006","Power",137,1.79094,NA,2040,-15134.406,30270.819,0,0.571,0.466
"SAT","1","2006","LogNorm",137,-216.14591,16.81426,2040,-15134.377,30272.777,1.958,0.215,NA
"SAT","1","2006","PowerExp",137,1.79074,0,2040,-15134.381,30272.786,1.967,0.214,NA
"SAT","1","2006","Exp",137,0.00054,NA,2040,-24879.1,49760.208,19489.389,0,NA
"SAT","1","2007","Power",227,1.78775,NA,1474,-11693.174,23388.355,0,0.567,0.661
"SAT","1","2007","PowerExp",227,1.78684,0,1474,-11693.125,23390.271,1.917,0.217,NA
"SAT","1","2007","LogNorm",227,-157.2025,14.47944,1474,-11693.134,23390.289,1.934,0.216,NA
"SAT","1","2007","Exp",227,0.00098,NA,1474,-26194.688,52391.384,29003.029,0,NA
"SAT","1","2008","Power",222,1.79499,NA,1385,-10927.619,21857.246,0,0.576,0.758
"SAT","1","2008","PowerExp",222,1.7947,0,1385,-10927.597,21859.217,1.97,0.215,NA
"SAT","1","2008","LogNorm",222,-737.81919,30.63059,1385,-10927.624,21859.27,2.024,0.209,NA
"SAT","1","2008","Exp",222,0.00057,NA,1385,-20017.88,40037.767,18180.521,0,NA
"SAT","1","2009","Power",175,1.80977,NA,1605,-12215.188,24432.383,0,0.576,0.71
"SAT","1","2009","PowerExp",175,1.80978,0,1605,-12215.179,24434.383,2,0.212,NA
"SAT","1","2009","LogNorm",175,-383.03002,21.9652,1605,-12215.182,24434.388,2.005,0.212,NA
"SAT","1","2009","Exp",175,0.00092,NA,1605,-27213.563,54429.134,29996.751,0,NA
"SAT","1","2010","Power",163,1.75949,NA,1718,-13203.722,26409.451,0,0.481,0.446
"SAT","1","2010","LogNorm",163,-36.90137,7.65968,1718,-13203.092,26410.207,0.756,0.329,NA
"SAT","1","2010","PowerExp",163,1.75865,0,1718,-13203.643,26411.309,1.858,0.19,NA
"SAT","1","2010","Exp",163,0.00081,NA,1718,-26377.871,52757.749,26348.298,0,NA
"SAT","1","2011","Power",381,1.80373,NA,919,-7724.637,15451.282,0,0.574,0.992
"SAT","1","2011","PowerExp",381,1.80314,0,919,-7724.619,15453.261,1.979,0.213,NA
"SAT","1","2011","LogNorm",381,-187.22196,15.60284,919,-7724.621,15453.265,1.983,0.213,NA
"SAT","1","2011","Exp",381,0.0005,NA,919,-15272.009,30546.026,15094.744,0,NA
"SAT","1","2012","Power",275,1.80087,NA,1152,-9316.78,18635.568,0,0.578,0.942
"SAT","1","2012","PowerExp",275,1.80036,0,1152,-9316.767,18637.557,1.989,0.214,NA
"SAT","1","2012","LogNorm",275,-1224.45098,39.23832,1152,-9316.791,18637.605,2.037,0.209,NA
"SAT","1","2012","Exp",275,0.00081,NA,1152,-22526.612,45055.232,26419.663,0,NA
"SAT","1","2013","Power",158,1.83396,NA,1787,-13301.109,26604.226,0,0.581,0.391
"SAT","1","2013","PowerExp",158,1.83417,0,1787,-13301.107,26606.238,2.012,0.212,NA
"SAT","1","2013","LogNorm",158,-2759.87449,57.59813,1787,-13301.136,26606.296,2.07,0.206,NA
"SAT","1","2013","Exp",158,0.00055,NA,1787,-22984.6,45971.209,19366.982,0,NA
"SAT","1","2014","Power",350,1.7348,NA,796,-6787.5,13577.008,0,0.569,0.969
"SAT","1","2014","PowerExp",350,1.73296,0,796,-6787.421,13578.868,1.86,0.224,NA
"SAT","1","2014","LogNorm",350,-683.27779,30.6879,796,-6787.501,13579.027,2.019,0.207,NA
"SAT","1","2014","Exp",350,0.00038,NA,796,-13029.997,26062.002,12484.994,0,NA
"SEAS","1","2000","Power",448,1.88487,NA,11285,-94311.272,188624.547,0,0.454,0.386
"SEAS","1","2000","LogNorm",448,-81.44035,10.0728,11285,-94310.453,188624.912,0.365,0.379,NA
"SEAS","1","2000","PowerExp",448,1.88489,0,11285,-94311.272,188626.549,2.002,0.167,NA
"SEAS","1","2000","Exp",448,0.00064,NA,11285,-245787.718,491577.437,302952.89,0,NA
"SEAS","1","2001","Power",487,1.9006,NA,11146,-93663.501,187329.005,0,0.456,0.252
"SEAS","1","2001","LogNorm",487,-79.65332,9.88716,11146,-93662.689,187329.384,0.379,0.377,NA
"SEAS","1","2001","PowerExp",487,1.90052,0,11146,-93663.501,187331.008,2.003,0.167,NA
"SEAS","1","2001","Exp",487,0.00063,NA,11146,-239502.594,479007.19,291678.185,0,NA
"SEAS","1","2002","LogNorm",391,-33.41055,6.98194,13412,-111259.626,222523.257,0,0.96,NA
"SEAS","1","2002","Power",391,1.85464,NA,13412,-111264.119,222530.24,6.983,0.029,0.019
"SEAS","1","2002","PowerExp",391,1.85438,0,13412,-111264.106,222532.219,8.962,0.011,NA
"SEAS","1","2002","Exp",391,0.00052,NA,13412,-237860.988,475723.978,253200.721,0,NA
"SEAS","1","2003","Power",325,1.86174,NA,16046,-129861.327,259724.656,0,0.516,0.073
"SEAS","1","2003","LogNorm",325,-144.19471,13.29377,16046,-129860.89,259725.786,1.13,0.293,NA
"SEAS","1","2003","PowerExp",325,1.86182,0,16046,-129861.317,259726.641,1.985,0.191,NA
"SEAS","1","2003","Exp",325,0.00044,NA,16046,-238858.677,477719.356,217994.7,0,NA
"SEAS","1","2004","Power",464,1.8603,NA,11420,-96530.369,193062.74,0,0.584,0.682
"SEAS","1","2004","PowerExp",464,1.86028,0,11420,-96530.359,193064.724,1.984,0.216,NA
"SEAS","1","2004","LogNorm",464,-826.85442,31.16814,11420,-96530.44,193064.887,2.147,0.2,NA
"SEAS","1","2004","Exp",464,0.00054,NA,11420,-222121.437,444244.876,251182.136,0,NA
"SEAS","1","2005","Power",400,1.87429,NA,12545,-103742.122,207486.245,0,0.578,0.477
"SEAS","1","2005","PowerExp",400,1.87434,0,12545,-103742.12,207488.245,2,0.213,NA
"SEAS","1","2005","LogNorm",400,-582.32686,25.99284,12545,-103742.137,207488.28,2.035,0.209,NA
"SEAS","1","2005","Exp",400,0.00054,NA,12545,-237535.815,475073.632,267587.387,0,NA
"SEAS","1","2006","Power",482,1.88292,NA,11243,-94835.407,189672.816,0,0.563,0.3
"SEAS","1","2006","LogNorm",482,-220.75737,16.11213,11243,-94835.286,189674.579,1.763,0.233,NA
"SEAS","1","2006","PowerExp",482,1.88138,0,11243,-94835.423,189674.852,2.036,0.203,NA
"SEAS","1","2006","Exp",482,0.00061,NA,11243,-244288.904,488579.811,298906.995,0,NA
"SEAS","1","2007","Power",471,1.87855,NA,12274,-103378.765,206759.533,0,0.523,0.236
"SEAS","1","2007","LogNorm",471,-129.88372,12.54734,12274,-103378.376,206760.757,1.225,0.284,NA
"SEAS","1","2007","PowerExp",471,1.87835,0,12274,-103378.762,206761.529,1.997,0.193,NA
"SEAS","1","2007","Exp",471,0.0006,NA,12274,-248393.332,496788.665,290029.132,0,NA
"SEAS","1","2008","Power",493,1.8973,NA,10621,-89464.194,178930.389,0,0.558,0.226
"SEAS","1","2008","LogNorm",493,-196.00514,15.09421,10621,-89464.05,178932.105,1.716,0.237,NA
"SEAS","1","2008","PowerExp",493,1.89726,0,10621,-89464.194,178932.394,2.004,0.205,NA
"SEAS","1","2008","Exp",493,0.00073,NA,10621,-271026.188,542054.379,363123.99,0,NA
"SEAS","1","2009","Power",465,1.90399,NA,12314,-102811.803,205625.607,0,0.425,0.38
"SEAS","1","2009","LogNorm",465,-75.2658,9.61628,12314,-102810.815,205625.635,0.027,0.419,NA
"SEAS","1","2009","PowerExp",465,1.9042,0,12314,-102811.803,205627.611,2.004,0.156,NA
"SEAS","1","2009","Exp",465,0.00053,NA,12314,-231262.121,462526.244,256900.637,0,NA
"SEAS","1","2010","LogNorm",357,-72.39409,9.58482,14019,-114259.639,228523.285,0,0.493,NA
"SEAS","1","2010","Power",357,1.87651,NA,14019,-114260.925,228523.852,0.568,0.371,0.196
"SEAS","1","2010","PowerExp",357,1.87654,0,14019,-114260.924,228525.853,2.569,0.136,NA
"SEAS","1","2010","Exp",357,0.00052,NA,14019,-248005.987,496013.976,267490.692,0,NA
"SEAS","1","2011","Power",417,1.90052,NA,12403,-102304.285,204610.571,0,0.558,0.345
"SEAS","1","2011","LogNorm",417,-203.67858,15.34114,12403,-102304.136,204612.279,1.707,0.238,NA
"SEAS","1","2011","PowerExp",417,1.90117,0,12403,-102304.288,204612.581,2.01,0.204,NA
"SEAS","1","2011","Exp",417,0.00053,NA,12403,-240841.845,481685.691,277075.12,0,NA
"SEAS","1","2012","Power",384,1.87396,NA,12999,-106976.234,213954.47,0,0.493,0.285
"SEAS","1","2012","LogNorm",384,-107.24546,11.49417,12999,-106975.644,213955.294,0.824,0.326,NA
"SEAS","1","2012","PowerExp",384,1.87416,0,12999,-106976.233,213956.471,2.002,0.181,NA
"SEAS","1","2012","Exp",384,0.00053,NA,12999,-243545.212,487092.427,273137.957,0,NA
"SEAS","1","2013","LogNorm",396,-55.07023,8.44124,13676,-112504.31,225012.625,0,0.718,NA
"SEAS","1","2013","Power",396,1.88791,NA,13676,-112506.252,225014.507,1.882,0.28,0.073
"SEAS","1","2013","PowerExp",396,1.86664,0,13676,-112510.238,225024.481,11.856,0.002,NA
"SEAS","1","2013","Exp",396,0.00053,NA,13676,-258212.021,516426.044,291413.419,0,NA
"SEAS","1","2014","Power",335,1.87596,NA,15536,-125657.69,251317.383,0,0.58,0.084
"SEAS","1","2014","LogNorm",335,-114.77814,11.8428,15536,-125657.072,251318.15,0.767,0.395,NA
"SEAS","1","2014","PowerExp",335,1.86155,0,15536,-125659.812,251323.629,6.246,0.026,NA
"SEAS","1","2014","Exp",335,0.00051,NA,15536,-264502.869,529007.74,277690.358,0,NA
"SEAS","2","2000","Power",290,1.69579,NA,231,-1956.524,3915.067,0,0.575,0.873
"SEAS","2","2000","PowerExp",290,1.69267,0,231,-1956.477,3917.009,1.943,0.218,NA
"SEAS","2","2000","LogNorm",290,-5142.38628,86.05871,231,-1956.529,3917.114,2.047,0.207,NA
"SEAS","2","2000","Exp",290,0.00045,NA,231,-4158.672,8319.362,4404.295,0,NA
"SEAS","2","2001","Power",62,1.89836,NA,927,-5884.097,11770.214,0,0.584,0.007
"SEAS","2","2001","PowerExp",62,1.89859,0,927,-5884.097,11772.256,2.042,0.21,NA
"SEAS","2","2001","LogNorm",62,-5176.92077,75.97877,927,-5884.117,11772.296,2.082,0.206,NA
"SEAS","2","2001","Exp",62,0.00053,NA,927,-9866.543,19735.107,7964.892,0,NA
"SEAS","2","2002","Power",188,1.81739,NA,329,-2520.628,5043.276,0,0.581,0.984
"SEAS","2","2002","PowerExp",188,1.81753,0,329,-2520.628,5045.313,2.038,0.21,NA
"SEAS","2","2002","LogNorm",188,-4911.7055,77.58796,329,-2520.635,5045.326,2.051,0.209,NA
"SEAS","2","2002","Exp",188,0.00099,NA,329,-7869.494,15741.008,10697.732,0,NA
"SEAS","2","2003","Power",67,1.92285,NA,799,-5088.489,10178.999,0,0.583,0.057
"SEAS","2","2003","PowerExp",67,1.92304,0,799,-5088.489,10181.041,2.043,0.21,NA
"SEAS","2","2003","LogNorm",67,-5776.19095,79.19054,799,-5088.506,10181.076,2.077,0.206,NA
"SEAS","2","2003","Exp",67,0.00085,NA,799,-10414.431,20830.884,10651.885,0,NA
"SEAS","2","2004","Power",126,1.85733,NA,443,-3170.384,6342.79,0,0.583,0.393
"SEAS","2","2004","PowerExp",126,1.8549,0,443,-3170.387,6344.837,2.047,0.209,NA
"SEAS","2","2004","LogNorm",126,-7757.92952,95.1924,443,-3170.393,6344.85,2.06,0.208,NA
"SEAS","2","2004","Exp",126,0.00063,NA,443,-6815.139,13632.298,7289.509,0,NA
"SEAS","2","2005","Power",77,1.85909,NA,666,-4435.366,8872.752,0,0.583,0.085
"SEAS","2","2005","PowerExp",77,1.85927,0,666,-4435.366,8874.795,2.043,0.21,NA
"SEAS","2","2005","LogNorm",77,-7617.71894,94.17904,666,-4435.381,8874.827,2.074,0.207,NA
"SEAS","2","2005","Exp",77,0.00087,NA,666,-9823,19648.02,10775.268,0,NA
"SEAS","2","2006","Power",105,1.92442,NA,566,-3856.896,7715.812,0,0.588,0.558
"SEAS","2","2006","LogNorm",105,-5412.53768,76.58055,566,-3856.908,7717.879,2.066,0.209,NA
"SEAS","2","2006","PowerExp",105,1.91343,0,566,-3856.936,7717.935,2.123,0.203,NA
"SEAS","2","2006","Exp",105,0.00098,NA,566,-10072.662,20147.344,12431.532,0,NA
"SEAS","2","2007","Power",100,1.94107,NA,637,-4286.075,8574.171,0,0.583,0.426
"SEAS","2","2007","PowerExp",100,1.94097,0,637,-4286.075,8576.212,2.041,0.21,NA
"SEAS","2","2007","LogNorm",100,-5015.11551,73.05421,637,-4286.088,8576.238,2.067,0.207,NA
"SEAS","2","2007","Exp",100,0.00051,NA,637,-7889.547,15781.115,7206.944,0,NA
"SEAS","2","2008","Power",101,1.99872,NA,581,-3844.878,7691.778,0,0.585,0.559
"SEAS","2","2008","LogNorm",101,-7064.33968,84.1754,581,-3844.89,7693.848,2.07,0.208,NA
"SEAS","2","2008","PowerExp",101,1.9911,0,581,-3844.895,7693.858,2.08,0.207,NA
"SEAS","2","2008","Exp",101,0.00077,NA,581,-8589.44,17180.903,9489.125,0,NA
"SEAS","2","2009","Power",172,1.77706,NA,284,-2183.008,4368.037,0,0.582,0.412
"SEAS","2","2009","PowerExp",172,1.77698,0,284,-2183.007,4370.079,2.042,0.21,NA
"SEAS","2","2009","LogNorm",172,-10517.28903,116.38385,284,-2183.014,4370.092,2.055,0.208,NA
"SEAS","2","2009","Exp",172,0.00044,NA,284,-4774.954,9551.928,5183.891,0,NA
"SEAS","2","2010","Power",73,1.93258,NA,959,-6168.81,12339.639,0,0.584,0.051
"SEAS","2","2010","PowerExp",73,1.92983,0,959,-6168.814,12341.686,2.047,0.21,NA
"SEAS","2","2010","LogNorm",73,-5083.05527,73.8921,959,-6168.829,12341.716,2.078,0.207,NA
"SEAS","2","2010","Exp",73,0.00055,NA,959,-10186.057,20374.132,8034.494,0,NA
"SEAS","2","2011","Power",216,1.87687,NA,243,-1858.246,3718.514,0,0.582,0.906
"SEAS","2","2011","PowerExp",216,1.87759,0,243,-1858.247,3720.561,2.047,0.209,NA
"SEAS","2","2011","LogNorm",216,-6210.63732,84.22241,243,-1858.251,3720.569,2.056,0.208,NA
"SEAS","2","2011","Exp",216,0.00036,NA,243,-4169.266,8340.554,4622.04,0,NA
"SEAS","2","2012","Power",100,1.91064,NA,475,-3228.526,6459.075,0,0.594,0.553
"SEAS","2","2012","LogNorm",100,-5325.4296,76.54266,475,-3228.536,6461.143,2.068,0.211,NA
"SEAS","2","2012","PowerExp",100,1.893,0,475,-3228.616,6461.303,2.228,0.195,NA
"SEAS","2","2012","Exp",100,0.0006,NA,475,-7068.567,14139.158,7680.083,0,NA
"SEAS","2","2013","Power",206,1.803,NA,310,-2415.712,4833.442,0,0.581,1
"SEAS","2","2013","PowerExp",206,1.80282,0,310,-2415.711,4835.479,2.037,0.21,NA
"SEAS","2","2013","LogNorm",206,-3669.69164,67.68988,310,-2415.717,4835.492,2.05,0.209,NA
"SEAS","2","2013","Exp",206,0.00041,NA,310,-4914.141,9830.301,4996.859,0,NA
"SEAS","2","2014","Power",117,1.96484,NA,527,-3601.734,7205.489,0,0.583,0.646
"SEAS","2","2014","PowerExp",117,1.96509,0,527,-3601.734,7207.531,2.043,0.21,NA
"SEAS","2","2014","LogNorm",117,-6396.19177,81.46629,527,-3601.744,7207.552,2.064,0.208,NA
"SEAS","2","2014","Exp",117,0.00053,NA,527,-7205.934,14413.889,7208.4,0,NA
